engagement_id,client_id,lead_consultant_id,practice,start_date,planned_end_date,budget_gbp,actual_spend_gbp,margin_pct,status,headcount
ENG-00001,CLI-0074,CON-0174,Operations,2024-11-21,2025-07-03,449965.02,430367.29,4.36,Delayed,13
ENG-00002,CLI-0019,CON-0075,Technology,2024-07-15,2025-01-08,478550.58,359568.13,24.86,Completed,11
ENG-00003,CLI-0033,CON-0192,HR,2024-11-04,2025-03-23,116992.64,122851.12,-5.01,Cancelled,12
ENG-00004,CLI-0035,CON-0036,Data & Analytics,2024-08-01,2025-07-12,375627.67,321362.0,14.45,On Track,11
ENG-00005,CLI-0068,CON-0058,Strategy,2024-12-15,2025-05-13,45195.73,43778.66,3.14,Completed,2
ENG-00006,CLI-0088,CON-0198,Finance,2024-08-09,2024-09-10,482969.01,645073.68,-33.56,At Risk,7
ENG-00007,CLI-0084,CON-0122,Strategy,2024-11-04,2025-11-02,115738.87,153532.72,-32.65,Delayed,5
ENG-00008,CLI-0083,CON-0016,Data & Analytics,2025-02-22,2025-05-08,333103.39,283452.04,14.91,On Track,15
ENG-00009,CLI-0023,CON-0107,Finance,2025-02-15,2025-06-15,468282.85,338859.26,27.64,Completed,13
ENG-00010,CLI-0064,CON-0048,Operations,2025-03-01,2025-08-26,440836.72,311241.15,29.4,Cancelled,10
ENG-00011,CLI-0014,CON-0086,HR,2024-09-15,2025-06-04,494767.75,521062.34,-5.31,Completed,15
ENG-00012,CLI-0018,CON-0130,Finance,2024-11-01,2025-04-19,112549.47,87025.55,22.68,At Risk,12
ENG-00013,CLI-0059,CON-0166,Change Management,2024-09-08,2025-01-11,26760.41,24596.11,8.09,Delayed,10
ENG-00014,CLI-0087,CON-0194,Technology,2024-08-23,2024-12-20,313258.16,349336.66,-11.52,Completed,14
ENG-00015,CLI-0055,CON-0132,Change Management,2024-09-26,2024-12-09,212399.96,161848.84,23.8,At Risk,8
ENG-00016,CLI-0042,CON-0064,Change Management,2024-07-06,2024-12-16,204115.71,202151.73,0.96,Delayed,6
ENG-00017,CLI-0039,CON-0150,Change Management,2025-01-06,2025-11-25,25489.15,28672.6,-12.49,At Risk,1
ENG-00018,CLI-0086,CON-0031,Strategy,2024-11-01,2025-05-07,96664.08,110771.99,-14.59,Delayed,12
ENG-00019,CLI-0016,CON-0164,HR,2025-02-24,2025-08-24,196421.07,165691.39,15.64,At Risk,8
ENG-00020,CLI-0020,CON-0117,Data & Analytics,2025-01-12,2025-12-18,199339.92,230489.07,-15.63,Completed,13
ENG-00021,CLI-0069,CON-0171,Technology,2025-02-01,2025-06-22,385692.62,440546.69,-14.22,Cancelled,14
ENG-00022,CLI-0011,CON-0135,Finance,2024-10-27,2025-08-23,357807.74,268630.16,24.92,Cancelled,2
ENG-00023,CLI-0008,CON-0141,Strategy,2025-02-21,2025-12-06,117035.25,122749.98,-4.88,At Risk,6
ENG-00024,CLI-0067,CON-0114,Operations,2024-08-03,2024-12-16,364120.62,370579.46,-1.77,Cancelled,8
ENG-00025,CLI-0008,CON-0117,Data & Analytics,2024-08-07,2025-05-26,219403.8,234003.43,-6.65,Cancelled,8
ENG-00026,CLI-0087,CON-0079,HR,2025-01-06,2025-02-16,210055.38,258514.02,-23.07,At Risk,10
ENG-00027,CLI-0010,CON-0012,Data & Analytics,2024-10-21,2025-05-15,356184.74,374619.54,-5.18,On Track,15
ENG-00028,CLI-0009,CON-0121,Strategy,2024-07-13,2025-01-05,216256.13,259470.99,-19.98,Completed,6
ENG-00029,CLI-0049,CON-0115,Data & Analytics,2025-02-12,2025-09-23,200309.86,229109.36,-14.38,Cancelled,3
ENG-00030,CLI-0084,CON-0090,Strategy,2024-08-04,2024-12-03,496566.45,474463.34,4.45,At Risk,12
ENG-00031,CLI-0029,CON-0001,Strategy,2025-01-14,2025-02-24,489675.53,490141.96,-0.1,Cancelled,7
ENG-00032,CLI-0069,CON-0098,Operations,2025-01-31,2025-06-27,138805.78,128395.88,7.5,Delayed,4
ENG-00033,CLI-0093,CON-0196,HR,2024-08-02,2024-09-17,408549.53,397317.03,2.75,On Track,4
ENG-00034,CLI-0027,CON-0018,Technology,2024-07-30,2025-06-29,36116.61,39315.1,-8.86,On Track,4
ENG-00035,CLI-0095,CON-0012,Data & Analytics,2024-10-15,2025-06-26,132482.85,111447.88,15.88,On Track,3
ENG-00036,CLI-0065,CON-0075,Technology,2024-09-02,2025-07-23,173073.77,188416.15,-8.86,Delayed,4
ENG-00037,CLI-0039,CON-0037,Finance,2024-12-21,2025-10-13,126100.52,112901.03,10.47,On Track,9
ENG-00038,CLI-0076,CON-0189,Strategy,2025-02-23,2025-06-22,320476.71,313323.79,2.23,Completed,1
ENG-00039,CLI-0045,CON-0165,Technology,2024-12-23,2025-08-05,397186.21,360318.35,9.28,Completed,7
ENG-00040,CLI-0020,CON-0077,Operations,2024-10-09,2025-02-10,382119.73,385095.39,-0.78,At Risk,5
ENG-00041,CLI-0091,CON-0037,Finance,2025-01-27,2025-10-21,459075.76,489168.57,-6.56,Completed,9
ENG-00042,CLI-0068,CON-0035,Change Management,2024-10-12,2025-03-15,142397.91,130247.23,8.53,On Track,15
ENG-00043,CLI-0058,CON-0095,Finance,2024-07-28,2025-05-28,367800.66,302998.98,17.62,Delayed,7
ENG-00044,CLI-0087,CON-0155,Strategy,2024-12-06,2025-01-25,439337.82,361270.19,17.77,Cancelled,12
ENG-00045,CLI-0086,CON-0144,HR,2024-08-29,2025-05-31,120266.76,155092.57,-28.96,Delayed,15
ENG-00046,CLI-0002,CON-0055,Data & Analytics,2025-03-01,2025-07-06,481797.23,373997.76,22.37,Completed,15
ENG-00047,CLI-0032,CON-0179,Strategy,2024-12-06,2025-04-19,210383.39,179996.69,14.44,Delayed,13
ENG-00048,CLI-0037,CON-0098,Operations,2024-11-01,2025-08-31,331386.24,298404.85,9.95,Delayed,9
ENG-00049,CLI-0064,CON-0120,Strategy,2024-07-30,2025-04-26,385581.91,350166.84,9.18,At Risk,6
ENG-00050,CLI-0041,CON-0106,Change Management,2024-07-16,2025-05-30,434760.72,513806.33,-18.18,On Track,5
ENG-00051,CLI-0071,CON-0150,Change Management,2024-11-30,2025-07-31,161692.3,133804.37,17.25,At Risk,7
ENG-00052,CLI-0073,CON-0063,Change Management,2024-11-09,2025-09-16,334211.82,382722.77,-14.52,Delayed,13
ENG-00053,CLI-0063,CON-0186,Operations,2024-12-16,2025-09-23,241197.92,283721.58,-17.63,Delayed,3
ENG-00054,CLI-0018,CON-0185,Data & Analytics,2024-11-21,2025-08-28,108342.93,138471.68,-27.81,On Track,9
ENG-00055,CLI-0005,CON-0020,Strategy,2025-01-30,2025-03-25,386882.64,374523.65,3.19,At Risk,2
ENG-00056,CLI-0091,CON-0039,Strategy,2024-07-07,2024-11-25,262751.8,247664.71,5.74,Cancelled,11
ENG-00057,CLI-0086,CON-0158,Data & Analytics,2025-02-23,2025-11-27,336456.48,238960.02,28.98,Cancelled,9
ENG-00058,CLI-0053,CON-0004,Finance,2024-07-09,2025-05-06,366652.51,384336.08,-4.82,Delayed,1
ENG-00059,CLI-0065,CON-0179,Strategy,2024-12-24,2025-08-31,406960.5,525529.54,-29.14,On Track,15
ENG-00060,CLI-0013,CON-0135,Finance,2024-08-12,2025-01-12,112127.39,116858.76,-4.22,Delayed,5
ENG-00061,CLI-0051,CON-0021,Finance,2024-10-08,2025-06-02,240318.92,206214.09,14.19,At Risk,5
ENG-00062,CLI-0088,CON-0021,Finance,2024-12-19,2025-12-16,384601.21,292595.11,23.92,Completed,7
ENG-00063,CLI-0071,CON-0122,Strategy,2024-07-19,2025-07-10,24536.08,19908.56,18.86,Completed,14
ENG-00064,CLI-0056,CON-0166,Change Management,2025-01-21,2025-08-08,291611.18,366751.86,-25.77,On Track,15
ENG-00065,CLI-0068,CON-0011,Technology,2024-09-01,2025-01-17,452611.02,520496.79,-15.0,Cancelled,8
ENG-00066,CLI-0035,CON-0012,Data & Analytics,2025-02-26,2025-05-05,348525.8,307484.26,11.78,Cancelled,10
ENG-00067,CLI-0085,CON-0009,Change Management,2024-08-19,2025-02-26,27515.89,22966.21,16.53,At Risk,13
ENG-00068,CLI-0092,CON-0102,Strategy,2025-02-27,2025-05-07,163652.91,174547.75,-6.66,Cancelled,14
ENG-00069,CLI-0050,CON-0174,Operations,2025-02-19,2025-12-22,179230.32,213489.48,-19.11,At Risk,13
ENG-00070,CLI-0089,CON-0186,Operations,2024-07-25,2025-05-07,377819.15,349410.43,7.52,On Track,7
ENG-00071,CLI-0030,CON-0020,Strategy,2024-09-30,2025-09-04,389122.71,513898.0,-32.07,Completed,13
ENG-00072,CLI-0042,CON-0008,Data & Analytics,2024-12-14,2025-06-01,396103.11,393273.99,0.71,At Risk,6
ENG-00073,CLI-0071,CON-0097,Change Management,2024-10-23,2025-02-25,346253.53,391071.46,-12.94,On Track,13
ENG-00074,CLI-0080,CON-0076,Data & Analytics,2025-01-25,2025-06-30,362292.1,272923.59,24.67,At Risk,7
ENG-00075,CLI-0092,CON-0163,HR,2024-08-13,2025-03-30,172005.55,132316.66,23.07,On Track,5
ENG-00076,CLI-0057,CON-0093,Data & Analytics,2025-01-15,2025-07-02,69071.08,52269.07,24.33,Completed,8
ENG-00077,CLI-0072,CON-0143,HR,2024-11-13,2025-07-09,69580.61,52759.65,24.17,Cancelled,2
ENG-00078,CLI-0077,CON-0154,Data & Analytics,2025-01-21,2025-08-05,434584.73,307695.29,29.2,Completed,7
ENG-00079,CLI-0100,CON-0022,Change Management,2025-01-06,2025-11-18,454499.64,607126.3,-33.58,Cancelled,9
ENG-00080,CLI-0022,CON-0176,Finance,2024-10-10,2025-02-03,86643.23,77609.4,10.43,Completed,3
ENG-00081,CLI-0009,CON-0043,HR,2024-10-24,2025-04-13,222129.12,225405.6,-1.48,On Track,6
ENG-00082,CLI-0033,CON-0064,Change Management,2025-01-05,2025-12-21,257985.17,283999.03,-10.08,Completed,2
ENG-00083,CLI-0018,CON-0078,Technology,2024-07-06,2025-02-23,179464.26,197971.5,-10.31,Delayed,8
ENG-00084,CLI-0043,CON-0111,Operations,2025-01-29,2026-01-27,487628.18,384485.51,21.15,Delayed,10
ENG-00085,CLI-0089,CON-0052,HR,2024-11-04,2025-05-13,105265.89,100934.8,4.11,Delayed,5
ENG-00086,CLI-0095,CON-0178,Change Management,2024-12-14,2025-09-21,484526.28,585445.03,-20.83,Delayed,7
ENG-00087,CLI-0036,CON-0101,HR,2024-10-06,2025-01-02,467392.23,387874.8,17.01,Cancelled,3
ENG-00088,CLI-0088,CON-0197,Finance,2024-11-22,2025-01-04,477442.21,477468.2,-0.01,At Risk,8
ENG-00089,CLI-0038,CON-0178,Change Management,2024-07-22,2025-03-18,343029.27,271153.12,20.95,Delayed,4
ENG-00090,CLI-0033,CON-0169,HR,2024-08-13,2025-04-16,398756.85,298300.96,25.19,Cancelled,8
ENG-00091,CLI-0075,CON-0103,Data & Analytics,2024-11-18,2025-09-03,463277.96,586167.96,-26.53,Completed,9
ENG-00092,CLI-0005,CON-0093,Data & Analytics,2024-12-31,2025-10-31,305033.57,394823.5,-29.44,On Track,13
ENG-00093,CLI-0032,CON-0169,HR,2024-12-22,2025-07-21,99842.48,109651.07,-9.82,Cancelled,11
ENG-00094,CLI-0087,CON-0166,Change Management,2024-10-15,2025-05-02,483544.05,473774.58,2.02,On Track,2
ENG-00095,CLI-0034,CON-0057,Operations,2024-11-12,2025-09-03,287836.84,330143.64,-14.7,At Risk,8
ENG-00096,CLI-0048,CON-0101,HR,2024-10-31,2025-09-27,351409.91,280419.56,20.2,On Track,8
ENG-00097,CLI-0014,CON-0076,Data & Analytics,2024-10-19,2024-12-31,75713.28,99293.39,-31.14,At Risk,6
ENG-00098,CLI-0040,CON-0088,Technology,2024-10-29,2025-03-13,270135.12,250251.88,7.36,On Track,8
ENG-00099,CLI-0093,CON-0179,Strategy,2024-10-28,2025-05-09,52243.68,38087.94,27.1,On Track,1
ENG-00100,CLI-0044,CON-0166,Change Management,2024-08-01,2024-11-23,466362.77,550922.81,-18.13,Cancelled,3
ENG-00101,CLI-0071,CON-0041,Change Management,2024-09-27,2025-08-09,224657.3,224732.61,-0.03,Completed,11
ENG-00102,CLI-0024,CON-0048,Operations,2024-12-15,2025-08-23,209879.54,247511.45,-17.93,At Risk,8
ENG-00103,CLI-0076,CON-0110,Finance,2024-10-12,2024-11-13,358273.1,298713.75,16.62,On Track,10
ENG-00104,CLI-0014,CON-0138,Technology,2024-08-21,2025-03-26,176472.76,176015.3,0.26,Delayed,11
ENG-00105,CLI-0063,CON-0136,Data & Analytics,2024-12-15,2025-06-23,306546.0,336388.4,-9.74,Cancelled,2
ENG-00106,CLI-0045,CON-0091,Finance,2025-02-06,2025-10-28,316334.09,388752.41,-22.89,Delayed,15
ENG-00107,CLI-0079,CON-0152,HR,2024-07-26,2024-11-01,170329.16,145643.74,14.49,On Track,3
ENG-00108,CLI-0048,CON-0178,Change Management,2024-08-10,2025-05-28,206462.37,224564.33,-8.77,Cancelled,7
ENG-00109,CLI-0055,CON-0048,Operations,2024-11-06,2025-10-27,277942.05,360617.2,-29.75,At Risk,9
ENG-00110,CLI-0022,CON-0126,HR,2024-09-16,2024-12-26,109807.32,136961.61,-24.73,Cancelled,1
ENG-00111,CLI-0046,CON-0003,HR,2024-11-06,2025-02-13,113661.68,107929.01,5.04,Cancelled,9
ENG-00112,CLI-0084,CON-0127,Strategy,2024-10-17,2025-07-25,219502.61,273484.81,-24.59,Completed,3
ENG-00113,CLI-0011,CON-0145,Data & Analytics,2024-07-12,2024-12-01,160203.16,140763.21,12.13,Cancelled,5
ENG-00114,CLI-0022,CON-0200,HR,2024-10-30,2025-09-14,376408.76,450880.37,-19.78,Cancelled,9
ENG-00115,CLI-0015,CON-0147,Technology,2024-08-03,2025-01-17,392054.25,484239.47,-23.51,Delayed,9
ENG-00116,CLI-0097,CON-0011,Technology,2025-01-15,2025-09-27,282249.57,379161.15,-34.34,On Track,12
ENG-00117,CLI-0084,CON-0193,Operations,2024-09-06,2025-03-07,439908.73,317152.09,27.91,Delayed,6
ENG-00118,CLI-0012,CON-0113,Finance,2025-02-11,2025-05-12,392303.19,335032.78,14.6,Cancelled,12
ENG-00119,CLI-0045,CON-0182,Operations,2024-12-08,2025-11-26,225520.19,248184.58,-10.05,At Risk,14
ENG-00120,CLI-0027,CON-0016,Data & Analytics,2024-11-27,2025-06-24,275494.78,299726.61,-8.8,At Risk,6
ENG-00121,CLI-0091,CON-0075,Technology,2024-09-17,2025-08-06,148324.67,186549.56,-25.77,On Track,3
ENG-00122,CLI-0097,CON-0106,Change Management,2025-02-25,2025-04-26,496393.39,627233.22,-26.36,At Risk,12
ENG-00123,CLI-0017,CON-0064,Change Management,2024-08-11,2025-02-21,417671.27,499099.56,-19.5,Completed,8
ENG-00124,CLI-0019,CON-0148,Finance,2024-12-13,2025-05-29,321350.15,303310.2,5.61,On Track,11
ENG-00125,CLI-0099,CON-0024,Change Management,2024-10-16,2025-08-05,379905.14,437482.56,-15.16,Delayed,8
ENG-00126,CLI-0063,CON-0084,Data & Analytics,2024-11-30,2024-12-31,437075.73,546632.59,-25.07,On Track,12
ENG-00127,CLI-0059,CON-0163,HR,2024-12-22,2025-07-23,428051.0,521019.68,-21.72,Completed,4
ENG-00128,CLI-0055,CON-0055,Data & Analytics,2024-11-08,2025-04-24,174975.27,154736.84,11.57,Cancelled,10
ENG-00129,CLI-0017,CON-0145,Data & Analytics,2025-02-08,2025-11-13,398385.75,510412.03,-28.12,On Track,1
ENG-00130,CLI-0013,CON-0161,Data & Analytics,2025-01-21,2025-10-13,27815.05,36274.48,-30.41,At Risk,8
ENG-00131,CLI-0059,CON-0001,Strategy,2024-10-22,2025-03-04,497933.15,642888.8,-29.11,Delayed,3
ENG-00132,CLI-0036,CON-0024,Change Management,2024-12-19,2025-07-21,140186.85,132013.74,5.83,At Risk,1
ENG-00133,CLI-0051,CON-0161,Data & Analytics,2024-09-21,2025-02-17,226030.85,171620.58,24.07,On Track,1
ENG-00134,CLI-0028,CON-0123,HR,2024-07-24,2024-10-29,304966.16,316444.71,-3.76,Completed,1
ENG-00135,CLI-0002,CON-0179,Strategy,2024-09-30,2024-12-30,494314.36,481711.35,2.55,At Risk,8
ENG-00136,CLI-0010,CON-0059,Technology,2024-10-11,2024-12-25,370766.42,284221.25,23.34,Delayed,6
ENG-00137,CLI-0039,CON-0036,Data & Analytics,2024-10-10,2025-01-16,327956.55,373916.09,-14.01,On Track,9
ENG-00138,CLI-0073,CON-0003,HR,2024-12-08,2025-12-05,98775.94,91690.94,7.17,At Risk,11
ENG-00139,CLI-0096,CON-0039,Strategy,2025-02-25,2025-10-23,315716.49,311785.67,1.25,At Risk,2
ENG-00140,CLI-0013,CON-0036,Data & Analytics,2025-01-13,2025-04-16,302995.48,287730.79,5.04,Completed,6
ENG-00141,CLI-0018,CON-0064,Change Management,2024-09-13,2025-09-08,60439.38,64048.08,-5.97,Cancelled,12
ENG-00142,CLI-0078,CON-0073,HR,2025-01-20,2025-03-04,426988.21,481627.11,-12.8,Delayed,4
ENG-00143,CLI-0067,CON-0156,Finance,2024-11-12,2025-03-18,378964.95,338075.52,10.79,On Track,13
ENG-00144,CLI-0031,CON-0127,Strategy,2024-10-11,2025-01-06,135719.24,151293.5,-11.48,On Track,9
ENG-00145,CLI-0002,CON-0093,Data & Analytics,2025-03-01,2025-09-09,83351.78,104983.99,-25.95,Cancelled,7
ENG-00146,CLI-0047,CON-0140,Data & Analytics,2024-12-26,2025-04-23,386108.45,509815.45,-32.04,On Track,1
ENG-00147,CLI-0076,CON-0018,Technology,2024-07-08,2024-12-19,123556.61,160583.63,-29.97,Completed,9
ENG-00148,CLI-0037,CON-0161,Data & Analytics,2025-01-03,2025-10-16,388212.8,378633.22,2.47,Completed,2
ENG-00149,CLI-0082,CON-0138,Technology,2024-11-19,2025-10-30,93286.61,70369.64,24.57,On Track,9
ENG-00150,CLI-0027,CON-0040,Finance,2024-11-19,2025-06-04,207551.12,230857.3,-11.23,On Track,5
ENG-00151,CLI-0090,CON-0112,Data & Analytics,2025-01-07,2025-06-08,47794.85,36134.74,24.4,Completed,2
ENG-00152,CLI-0059,CON-0157,Data & Analytics,2024-12-07,2025-02-03,168459.23,199135.79,-18.21,At Risk,2
ENG-00153,CLI-0002,CON-0182,Operations,2024-08-09,2024-09-13,98639.66,130151.14,-31.95,Cancelled,9
ENG-00154,CLI-0093,CON-0067,Strategy,2024-08-16,2025-03-24,80926.69,97737.64,-20.77,Delayed,12
ENG-00155,CLI-0016,CON-0198,Finance,2025-02-20,2025-04-06,180805.29,177019.4,2.09,Cancelled,2
ENG-00156,CLI-0034,CON-0183,Finance,2024-11-29,2025-11-15,56993.62,56758.72,0.41,Delayed,1
ENG-00157,CLI-0064,CON-0146,Finance,2024-08-16,2025-03-22,95508.79,114864.97,-20.27,Cancelled,11
ENG-00158,CLI-0093,CON-0030,Technology,2024-09-01,2025-06-18,21232.88,26714.1,-25.81,On Track,4
ENG-00159,CLI-0006,CON-0121,Strategy,2024-10-06,2025-05-20,461708.74,376904.21,18.37,On Track,9
ENG-00160,CLI-0092,CON-0190,Change Management,2024-12-19,2025-08-20,127767.35,110055.1,13.86,Delayed,5
ENG-00161,CLI-0010,CON-0147,Technology,2024-10-08,2025-01-07,260979.65,335688.12,-28.63,At Risk,4
ENG-00162,CLI-0067,CON-0012,Data & Analytics,2024-10-15,2024-12-19,440955.79,556892.3,-26.29,Delayed,6
ENG-00163,CLI-0012,CON-0142,Change Management,2024-10-29,2024-12-02,197081.29,175311.06,11.05,Delayed,12
ENG-00164,CLI-0080,CON-0063,Change Management,2024-10-31,2025-06-06,304011.65,310299.96,-2.07,At Risk,12
ENG-00165,CLI-0070,CON-0195,Change Management,2025-01-24,2025-06-28,92271.86,120512.44,-30.61,On Track,4
ENG-00166,CLI-0070,CON-0089,Finance,2024-12-14,2025-01-17,476475.33,333985.54,29.9,Completed,14
ENG-00167,CLI-0095,CON-0187,Data & Analytics,2024-09-21,2024-12-13,118493.3,158665.52,-33.9,Completed,8
ENG-00168,CLI-0008,CON-0037,Finance,2025-01-03,2025-06-25,64652.79,83972.88,-29.88,Cancelled,7
ENG-00169,CLI-0090,CON-0096,Finance,2024-10-30,2025-01-11,298769.9,307293.22,-2.85,Completed,2
ENG-00170,CLI-0076,CON-0146,Finance,2024-07-20,2025-03-29,337973.09,265295.49,21.5,Delayed,5
ENG-00171,CLI-0041,CON-0101,HR,2024-12-31,2025-07-16,172667.71,151390.1,12.32,On Track,4
ENG-00172,CLI-0018,CON-0200,HR,2025-01-18,2025-12-13,72306.96,55580.74,23.13,Completed,8
ENG-00173,CLI-0041,CON-0105,Data & Analytics,2024-08-04,2025-06-04,191977.97,230511.57,-20.07,Completed,5
ENG-00174,CLI-0060,CON-0068,HR,2025-02-08,2025-05-10,63402.03,77663.56,-22.49,Delayed,14
ENG-00175,CLI-0091,CON-0179,Strategy,2024-12-06,2025-01-25,123209.98,154846.93,-25.68,At Risk,2
ENG-00176,CLI-0092,CON-0064,Change Management,2024-10-04,2025-05-24,266460.64,303810.21,-14.02,Delayed,14
ENG-00177,CLI-0023,CON-0008,Data & Analytics,2024-10-16,2025-07-04,286857.81,303374.68,-5.76,On Track,8
ENG-00178,CLI-0014,CON-0036,Data & Analytics,2024-08-05,2024-09-10,49601.21,59899.61,-20.76,At Risk,3
ENG-00179,CLI-0026,CON-0103,Data & Analytics,2024-10-08,2025-09-25,470035.95,354701.17,24.54,Cancelled,5
ENG-00180,CLI-0010,CON-0006,Finance,2024-07-21,2024-11-29,453198.12,447864.14,1.18,At Risk,2
ENG-00181,CLI-0043,CON-0032,Strategy,2024-07-15,2025-04-07,44306.1,57628.31,-30.07,Completed,14
ENG-00182,CLI-0093,CON-0102,Strategy,2024-11-09,2024-12-24,203710.13,199092.35,2.27,Delayed,4
ENG-00183,CLI-0024,CON-0071,Strategy,2024-09-14,2025-05-30,444043.42,320831.2,27.75,Cancelled,10
ENG-00184,CLI-0032,CON-0166,Change Management,2024-09-18,2025-06-30,217756.26,230374.72,-5.79,On Track,2
ENG-00185,CLI-0036,CON-0099,Technology,2024-08-09,2025-04-10,115739.75,147570.97,-27.5,Cancelled,4
ENG-00186,CLI-0081,CON-0140,Data & Analytics,2025-01-24,2025-03-04,494913.74,597977.17,-20.82,Delayed,8
ENG-00187,CLI-0070,CON-0125,HR,2024-10-01,2025-08-16,261148.76,248730.57,4.76,At Risk,1
ENG-00188,CLI-0041,CON-0153,Data & Analytics,2024-08-30,2024-10-14,449967.1,542682.77,-20.6,On Track,13
ENG-00189,CLI-0061,CON-0136,Data & Analytics,2024-10-04,2025-08-29,499810.76,666291.18,-33.31,On Track,4
ENG-00190,CLI-0085,CON-0062,Strategy,2024-09-11,2025-07-11,411816.88,533804.73,-29.62,On Track,13
ENG-00191,CLI-0029,CON-0148,Finance,2025-02-06,2025-09-22,190306.22,237025.34,-24.55,At Risk,3
ENG-00192,CLI-0031,CON-0152,HR,2024-09-24,2025-04-25,458710.4,329507.4,28.17,Delayed,10
ENG-00193,CLI-0073,CON-0037,Finance,2024-11-26,2025-04-01,421614.48,517220.1,-22.68,Completed,9
ENG-00194,CLI-0040,CON-0045,Strategy,2024-11-07,2024-12-26,63323.54,53901.33,14.88,At Risk,1
ENG-00195,CLI-0068,CON-0123,HR,2024-07-05,2025-01-20,460590.17,382728.25,16.9,At Risk,6
ENG-00196,CLI-0092,CON-0046,HR,2025-02-25,2025-09-08,48586.86,38675.76,20.4,At Risk,13
ENG-00197,CLI-0015,CON-0135,Finance,2025-02-10,2025-09-14,481068.2,453567.46,5.72,Completed,10
ENG-00198,CLI-0013,CON-0087,Operations,2024-09-20,2025-04-03,85496.8,68600.71,19.76,Completed,13
ENG-00199,CLI-0082,CON-0125,HR,2024-12-18,2025-06-28,103617.28,137778.12,-32.97,Cancelled,13
ENG-00200,CLI-0046,CON-0058,Strategy,2024-12-22,2025-11-18,410938.03,388726.69,5.41,Delayed,3
ENG-00201,CLI-0023,CON-0187,Data & Analytics,2024-07-05,2025-05-24,207968.69,279984.93,-34.63,Cancelled,1
ENG-00202,CLI-0024,CON-0155,Strategy,2024-09-24,2025-09-02,126029.72,134550.29,-6.76,Completed,3
ENG-00203,CLI-0043,CON-0191,Technology,2024-07-24,2024-12-22,186468.86,169255.39,9.23,On Track,14
ENG-00204,CLI-0091,CON-0172,Data & Analytics,2024-12-15,2025-07-04,234382.37,204472.39,12.76,At Risk,12
ENG-00205,CLI-0009,CON-0090,Strategy,2024-09-08,2024-12-02,365798.52,267506.94,26.87,Completed,12
ENG-00206,CLI-0054,CON-0043,HR,2025-02-16,2025-10-15,256679.36,242860.56,5.38,Cancelled,7
ENG-00207,CLI-0013,CON-0123,HR,2025-01-22,2025-12-13,332465.39,381222.86,-14.67,At Risk,8
ENG-00208,CLI-0010,CON-0009,Change Management,2024-09-18,2024-10-28,172984.12,228093.47,-31.86,On Track,6
ENG-00209,CLI-0022,CON-0097,Change Management,2024-08-15,2024-10-22,282582.2,362773.58,-28.38,On Track,6
ENG-00210,CLI-0077,CON-0158,Data & Analytics,2025-02-18,2025-11-22,358162.23,351127.98,1.96,At Risk,10
ENG-00211,CLI-0056,CON-0041,Change Management,2024-07-18,2024-10-07,178925.4,238571.79,-33.34,Completed,12
ENG-00212,CLI-0071,CON-0185,Data & Analytics,2025-02-26,2025-12-29,147327.09,130088.35,11.7,At Risk,2
ENG-00213,CLI-0007,CON-0101,HR,2024-11-28,2025-10-05,423130.16,338433.66,20.02,Delayed,1
ENG-00214,CLI-0055,CON-0023,HR,2024-09-18,2025-09-03,308103.45,255660.74,17.02,On Track,4
ENG-00215,CLI-0022,CON-0164,HR,2024-09-17,2024-11-27,247313.91,191688.26,22.49,Completed,8
ENG-00216,CLI-0063,CON-0170,HR,2024-09-10,2024-11-25,328095.86,312312.03,4.81,Delayed,15
ENG-00217,CLI-0049,CON-0095,Finance,2024-08-21,2025-05-06,41416.12,40829.31,1.42,Delayed,4
ENG-00218,CLI-0035,CON-0145,Data & Analytics,2024-07-20,2024-11-04,381072.87,432081.19,-13.39,On Track,11
ENG-00219,CLI-0045,CON-0139,Finance,2024-10-18,2025-09-14,129206.12,95565.94,26.04,Completed,14
ENG-00220,CLI-0067,CON-0108,Finance,2024-11-19,2025-08-19,294902.86,251601.48,14.68,Delayed,2
ENG-00221,CLI-0051,CON-0183,Finance,2024-07-13,2025-04-26,294185.57,304756.04,-3.59,Cancelled,11
ENG-00222,CLI-0080,CON-0038,Change Management,2024-08-04,2025-04-20,102981.91,137979.2,-33.98,At Risk,13
ENG-00223,CLI-0025,CON-0033,Data & Analytics,2024-07-15,2025-03-18,57616.89,65915.54,-14.4,At Risk,14
ENG-00224,CLI-0081,CON-0038,Change Management,2025-02-03,2026-01-03,143785.45,185774.1,-29.2,On Track,2
ENG-00225,CLI-0050,CON-0143,HR,2024-10-14,2025-08-22,176540.87,155273.09,12.05,Completed,15
ENG-00226,CLI-0002,CON-0180,Change Management,2024-12-11,2025-11-06,270829.77,263445.87,2.73,Completed,3
ENG-00227,CLI-0019,CON-0146,Finance,2024-12-02,2025-10-26,384021.15,503364.36,-31.08,On Track,10
ENG-00228,CLI-0100,CON-0026,Strategy,2025-01-22,2025-07-17,436388.13,555124.22,-27.21,Completed,5
ENG-00229,CLI-0050,CON-0168,Operations,2024-11-06,2025-09-24,312301.83,226216.67,27.56,Delayed,7
ENG-00230,CLI-0019,CON-0159,Operations,2024-12-07,2025-07-30,38615.62,49359.38,-27.82,Delayed,12
ENG-00231,CLI-0031,CON-0013,Strategy,2025-01-11,2025-10-11,462000.79,592779.53,-28.31,On Track,6
ENG-00232,CLI-0039,CON-0080,Data & Analytics,2024-09-14,2025-06-22,431952.7,494652.28,-14.52,At Risk,3
ENG-00233,CLI-0039,CON-0191,Technology,2024-10-26,2025-05-08,149321.59,144976.67,2.91,On Track,4
ENG-00234,CLI-0057,CON-0055,Data & Analytics,2025-02-23,2025-10-19,375653.5,448406.55,-19.37,Delayed,14
ENG-00235,CLI-0008,CON-0132,Change Management,2025-01-23,2025-05-14,51496.14,59798.35,-16.12,Completed,3
ENG-00236,CLI-0100,CON-0135,Finance,2025-02-15,2026-01-02,33895.12,27973.52,17.47,At Risk,14
ENG-00237,CLI-0008,CON-0064,Change Management,2024-07-13,2025-04-02,44268.46,41357.53,6.58,At Risk,5
ENG-00238,CLI-0048,CON-0119,Technology,2024-11-11,2025-07-02,324996.71,253665.57,21.95,On Track,4
ENG-00239,CLI-0048,CON-0126,HR,2024-12-04,2025-08-19,105240.17,133214.32,-26.58,Cancelled,9
ENG-00240,CLI-0045,CON-0089,Finance,2024-08-15,2025-01-24,379501.34,435573.74,-14.78,Delayed,1
ENG-00241,CLI-0050,CON-0013,Strategy,2024-08-15,2025-07-03,394318.46,330954.28,16.07,At Risk,11
ENG-00242,CLI-0029,CON-0174,Operations,2024-08-26,2025-02-09,332761.92,343953.64,-3.36,On Track,8
ENG-00243,CLI-0017,CON-0166,Change Management,2024-08-18,2025-07-21,404415.11,341912.97,15.45,Cancelled,13
ENG-00244,CLI-0040,CON-0183,Finance,2025-01-02,2025-12-27,152181.71,195106.68,-28.21,Delayed,8
ENG-00245,CLI-0033,CON-0056,Finance,2024-11-01,2025-05-04,345054.16,426418.63,-23.58,Completed,10
ENG-00246,CLI-0014,CON-0002,HR,2024-11-12,2025-06-21,289499.42,314382.52,-8.6,Delayed,5
ENG-00247,CLI-0088,CON-0028,Finance,2024-11-05,2025-01-06,181416.15,159594.35,12.03,Delayed,14
ENG-00248,CLI-0036,CON-0067,Strategy,2024-12-19,2025-12-17,163419.73,130319.72,20.25,At Risk,15
ENG-00249,CLI-0008,CON-0154,Data & Analytics,2024-10-16,2025-04-27,346762.76,405308.13,-16.88,Completed,5
ENG-00250,CLI-0034,CON-0108,Finance,2024-10-16,2025-06-01,373631.41,403135.37,-7.9,Cancelled,14
ENG-00251,CLI-0025,CON-0088,Technology,2025-01-06,2025-05-29,349432.69,389583.85,-11.49,Completed,15
ENG-00252,CLI-0086,CON-0092,Technology,2024-11-11,2025-05-13,425801.24,530725.12,-24.64,Cancelled,3
ENG-00253,CLI-0038,CON-0025,Operations,2024-11-02,2025-02-05,375641.07,440015.17,-17.14,Cancelled,13
ENG-00254,CLI-0024,CON-0175,Operations,2025-02-20,2025-09-09,334128.63,282159.86,15.55,At Risk,12
ENG-00255,CLI-0040,CON-0108,Finance,2025-01-22,2025-08-09,198407.57,214403.38,-8.06,Completed,14
ENG-00256,CLI-0016,CON-0121,Strategy,2024-07-18,2025-07-07,300115.82,394290.86,-31.38,On Track,8
ENG-00257,CLI-0025,CON-0129,Finance,2024-08-04,2025-03-17,274322.48,265686.73,3.15,At Risk,3
ENG-00258,CLI-0026,CON-0088,Technology,2024-10-17,2025-09-03,448565.66,601671.0,-34.13,At Risk,6
ENG-00259,CLI-0092,CON-0047,HR,2025-01-20,2025-04-01,254038.81,282026.6,-11.02,At Risk,6
ENG-00260,CLI-0082,CON-0015,Data & Analytics,2024-07-06,2025-03-24,151293.37,180761.63,-19.48,At Risk,10
ENG-00261,CLI-0098,CON-0041,Change Management,2024-11-07,2025-01-21,82114.86,80629.6,1.81,Completed,7
ENG-00262,CLI-0055,CON-0123,HR,2024-10-11,2024-11-12,38108.15,31615.26,17.04,Delayed,1
ENG-00263,CLI-0042,CON-0194,Technology,2025-02-03,2025-12-01,111476.82,127070.9,-13.99,At Risk,4
ENG-00264,CLI-0089,CON-0089,Finance,2024-09-22,2024-12-27,69299.95,71182.74,-2.72,Delayed,3
ENG-00265,CLI-0009,CON-0012,Data & Analytics,2024-09-19,2025-03-16,238844.63,247965.5,-3.82,Cancelled,6
ENG-00266,CLI-0056,CON-0176,Finance,2024-08-08,2025-03-01,498146.68,507420.25,-1.86,At Risk,3
ENG-00267,CLI-0052,CON-0005,Operations,2024-09-01,2025-01-23,369041.04,289801.93,21.47,On Track,10
ENG-00268,CLI-0065,CON-0044,Change Management,2024-08-05,2025-03-10,361332.84,438977.0,-21.49,Completed,15
ENG-00269,CLI-0082,CON-0066,Operations,2025-01-18,2025-11-17,319104.69,346563.85,-8.61,On Track,11
ENG-00270,CLI-0014,CON-0168,Operations,2025-02-04,2025-03-16,43152.83,33454.81,22.47,Completed,7
ENG-00271,CLI-0016,CON-0141,Strategy,2024-09-07,2025-06-06,356896.74,297499.02,16.64,On Track,5
ENG-00272,CLI-0054,CON-0170,HR,2024-07-30,2025-05-22,149589.03,163599.89,-9.37,At Risk,7
ENG-00273,CLI-0014,CON-0131,Technology,2025-01-05,2025-12-17,76512.59,59229.02,22.59,On Track,8
ENG-00274,CLI-0026,CON-0156,Finance,2024-08-25,2025-02-05,419119.43,558488.3,-33.25,Delayed,12
ENG-00275,CLI-0053,CON-0076,Data & Analytics,2024-08-15,2024-10-04,283106.61,365697.81,-29.17,Completed,6
ENG-00276,CLI-0031,CON-0001,Strategy,2024-07-08,2024-09-21,455302.42,565895.79,-24.29,Completed,3
ENG-00277,CLI-0012,CON-0200,HR,2024-11-12,2025-01-19,367310.54,281300.67,23.42,Delayed,11
ENG-00278,CLI-0030,CON-0117,Data & Analytics,2024-09-18,2025-03-02,242853.13,185752.48,23.51,At Risk,14
ENG-00279,CLI-0006,CON-0075,Technology,2024-10-05,2025-04-13,224477.7,174045.57,22.47,On Track,1
ENG-00280,CLI-0018,CON-0170,HR,2024-12-17,2025-04-13,177757.2,227785.71,-28.14,Cancelled,5
ENG-00281,CLI-0094,CON-0024,Change Management,2024-10-08,2025-05-01,107777.32,103520.7,3.95,Completed,5
ENG-00282,CLI-0050,CON-0177,Strategy,2025-02-07,2025-11-08,403951.57,453132.76,-12.18,At Risk,2
ENG-00283,CLI-0017,CON-0179,Strategy,2025-01-06,2025-03-07,491153.2,613365.57,-24.88,On Track,7
ENG-00284,CLI-0076,CON-0124,Strategy,2025-01-26,2025-12-13,345628.71,282661.85,18.22,Completed,13
ENG-00285,CLI-0046,CON-0157,Data & Analytics,2024-07-12,2024-10-16,251878.24,256230.65,-1.73,Completed,8
ENG-00286,CLI-0006,CON-0017,Technology,2024-09-09,2025-09-09,170834.21,197820.77,-15.8,Cancelled,13
ENG-00287,CLI-0096,CON-0148,Finance,2025-01-06,2025-11-21,127512.76,168475.59,-32.12,Delayed,9
ENG-00288,CLI-0067,CON-0177,Strategy,2024-12-31,2025-12-12,65716.23,74266.81,-13.01,At Risk,8
ENG-00289,CLI-0045,CON-0170,HR,2024-12-25,2025-12-18,204740.78,254978.32,-24.54,Cancelled,15
ENG-00290,CLI-0079,CON-0014,HR,2024-07-07,2025-07-01,468498.28,481906.2,-2.86,Completed,14
ENG-00291,CLI-0064,CON-0043,HR,2024-07-24,2025-05-01,173904.23,159136.57,8.49,Delayed,1
ENG-00292,CLI-0065,CON-0058,Strategy,2024-11-22,2025-11-16,201746.04,248373.01,-23.11,On Track,8
ENG-00293,CLI-0057,CON-0147,Technology,2024-10-27,2025-01-10,431162.83,427107.43,0.94,On Track,8
ENG-00294,CLI-0096,CON-0168,Operations,2024-07-09,2024-09-29,213651.04,154531.82,27.67,Cancelled,1
ENG-00295,CLI-0012,CON-0155,Strategy,2024-12-10,2025-12-01,166207.02,171262.96,-3.04,At Risk,11
ENG-00296,CLI-0086,CON-0117,Data & Analytics,2024-09-30,2025-05-04,416149.28,512189.31,-23.08,Completed,6
ENG-00297,CLI-0072,CON-0197,Finance,2024-12-10,2025-11-12,247104.17,278525.61,-12.72,Completed,2
ENG-00298,CLI-0013,CON-0195,Change Management,2024-12-20,2025-05-12,21054.53,19598.41,6.92,Delayed,9
ENG-00299,CLI-0067,CON-0096,Finance,2024-12-31,2025-03-25,41973.49,33860.06,19.33,At Risk,14
ENG-00300,CLI-0092,CON-0191,Technology,2025-01-05,2025-09-01,71341.52,78265.47,-9.71,At Risk,2
ENG-00301,CLI-0051,CON-0056,Finance,2024-10-30,2025-03-06,364058.2,280342.19,23.0,Completed,1
ENG-00302,CLI-0082,CON-0173,Finance,2024-12-02,2025-03-05,390629.68,387828.08,0.72,Cancelled,9
ENG-00303,CLI-0018,CON-0128,Technology,2024-07-06,2025-05-03,373382.69,395635.22,-5.96,Completed,14
ENG-00304,CLI-0075,CON-0124,Strategy,2025-02-26,2025-12-13,394919.12,510084.63,-29.16,Cancelled,3
ENG-00305,CLI-0094,CON-0033,Data & Analytics,2024-07-31,2025-03-16,335610.47,367159.37,-9.4,Delayed,9
ENG-00306,CLI-0050,CON-0108,Finance,2024-12-07,2025-05-13,151326.02,200709.12,-32.63,Delayed,8
ENG-00307,CLI-0018,CON-0036,Data & Analytics,2024-10-18,2025-09-21,356006.86,422394.12,-18.65,Delayed,14
ENG-00308,CLI-0090,CON-0141,Strategy,2025-02-10,2025-08-19,361699.69,473133.16,-30.81,At Risk,4
ENG-00309,CLI-0027,CON-0160,Data & Analytics,2025-01-03,2025-06-30,349573.42,454017.1,-29.88,At Risk,12
ENG-00310,CLI-0084,CON-0046,HR,2024-11-10,2025-09-13,353269.75,321315.76,9.05,On Track,13
ENG-00311,CLI-0046,CON-0144,HR,2024-11-04,2025-09-28,293906.33,333187.56,-13.37,Completed,11
ENG-00312,CLI-0096,CON-0137,Change Management,2024-09-16,2025-05-20,407986.29,424213.74,-3.98,On Track,7
ENG-00313,CLI-0019,CON-0014,HR,2024-12-23,2025-02-19,115953.16,137708.32,-18.76,At Risk,5
ENG-00314,CLI-0088,CON-0065,Data & Analytics,2024-08-11,2024-10-11,351485.53,313469.34,10.82,Cancelled,1
ENG-00315,CLI-0046,CON-0116,Technology,2024-07-31,2025-07-11,436656.98,515547.85,-18.07,At Risk,12
ENG-00316,CLI-0083,CON-0144,HR,2024-10-12,2025-03-12,265242.71,323050.2,-21.79,Delayed,12
ENG-00317,CLI-0086,CON-0013,Strategy,2025-02-27,2025-10-10,206026.23,272337.07,-32.19,Delayed,9
ENG-00318,CLI-0007,CON-0004,Finance,2025-01-11,2025-06-18,117481.87,148585.49,-26.48,Completed,14
ENG-00319,CLI-0029,CON-0163,HR,2025-01-01,2025-12-28,196515.74,212718.56,-8.25,Cancelled,4
ENG-00320,CLI-0100,CON-0186,Operations,2024-08-23,2025-02-19,235431.16,315299.92,-33.92,On Track,3
ENG-00321,CLI-0023,CON-0189,Strategy,2024-11-13,2025-02-12,201055.15,196738.51,2.15,Cancelled,5
ENG-00322,CLI-0017,CON-0042,Finance,2024-12-01,2025-05-10,22709.67,22780.42,-0.31,At Risk,1
ENG-00323,CLI-0020,CON-0083,Change Management,2024-12-04,2025-01-29,391357.26,433032.24,-10.65,Delayed,8
ENG-00324,CLI-0074,CON-0141,Strategy,2024-10-04,2024-12-10,396335.1,359320.71,9.34,At Risk,3
ENG-00325,CLI-0067,CON-0018,Technology,2025-01-22,2025-11-06,96497.84,101612.43,-5.3,Completed,2
ENG-00326,CLI-0045,CON-0057,Operations,2025-02-16,2025-07-05,338400.55,309701.9,8.48,Delayed,4
ENG-00327,CLI-0097,CON-0159,Operations,2024-11-17,2025-08-17,498382.92,615700.99,-23.54,On Track,2
ENG-00328,CLI-0086,CON-0089,Finance,2024-10-27,2025-03-29,454158.3,499077.15,-9.89,Cancelled,4
ENG-00329,CLI-0006,CON-0175,Operations,2025-02-16,2025-08-29,203058.85,247231.11,-21.75,On Track,7
ENG-00330,CLI-0033,CON-0139,Finance,2025-01-06,2025-06-29,31858.75,33004.52,-3.6,Delayed,9
ENG-00331,CLI-0066,CON-0115,Data & Analytics,2024-11-06,2024-12-28,162288.31,182329.83,-12.35,Delayed,9
ENG-00332,CLI-0011,CON-0025,Operations,2024-08-16,2025-06-17,275938.79,305604.0,-10.75,At Risk,11
ENG-00333,CLI-0081,CON-0199,HR,2024-08-28,2025-05-02,421119.24,351056.25,16.64,Completed,11
ENG-00334,CLI-0010,CON-0192,HR,2024-12-27,2025-04-14,31401.41,36612.93,-16.6,On Track,2
ENG-00335,CLI-0010,CON-0014,HR,2024-08-19,2025-01-24,287880.42,309104.55,-7.37,At Risk,15
ENG-00336,CLI-0034,CON-0105,Data & Analytics,2024-10-12,2025-06-29,322504.29,316527.08,1.85,On Track,7
ENG-00337,CLI-0087,CON-0031,Strategy,2024-11-18,2024-12-21,327882.92,361303.07,-10.19,Cancelled,1
ENG-00338,CLI-0090,CON-0019,Finance,2024-10-04,2025-07-18,70945.06,85948.5,-21.15,Delayed,10
ENG-00339,CLI-0012,CON-0073,HR,2025-01-16,2025-09-27,203078.52,250675.97,-23.44,On Track,8
ENG-00340,CLI-0021,CON-0137,Change Management,2024-08-30,2024-12-07,378441.88,460904.66,-21.79,Cancelled,5
ENG-00341,CLI-0082,CON-0037,Finance,2024-09-19,2025-09-15,199102.65,262248.52,-31.72,Cancelled,14
ENG-00342,CLI-0072,CON-0037,Finance,2024-08-05,2024-09-25,22414.32,24382.87,-8.78,Cancelled,9
ENG-00343,CLI-0011,CON-0079,HR,2024-08-27,2025-03-21,121633.73,156744.31,-28.87,Cancelled,3
ENG-00344,CLI-0021,CON-0048,Operations,2024-08-30,2025-08-10,420679.22,347612.3,17.37,At Risk,11
ENG-00345,CLI-0073,CON-0014,HR,2025-02-07,2025-12-15,241407.3,255235.59,-5.73,Delayed,11
ENG-00346,CLI-0009,CON-0065,Data & Analytics,2024-07-30,2024-12-08,368282.84,374423.5,-1.67,Delayed,6
ENG-00347,CLI-0017,CON-0172,Data & Analytics,2024-12-19,2025-05-18,68021.63,75006.45,-10.27,At Risk,6
ENG-00348,CLI-0063,CON-0116,Technology,2024-09-27,2025-09-07,336522.68,387252.73,-15.07,At Risk,10
ENG-00349,CLI-0073,CON-0094,HR,2025-01-27,2025-08-06,480156.28,388742.05,19.04,Delayed,4
ENG-00350,CLI-0029,CON-0183,Finance,2025-01-10,2026-01-03,229339.55,285773.49,-24.61,At Risk,11
ENG-00351,CLI-0094,CON-0085,Finance,2025-02-14,2025-11-16,242167.22,225986.1,6.68,Delayed,8
ENG-00352,CLI-0071,CON-0028,Finance,2024-08-18,2025-08-13,311181.28,388094.54,-24.72,At Risk,15
ENG-00353,CLI-0069,CON-0051,Technology,2024-09-10,2025-08-26,56701.94,42470.32,25.1,On Track,14
ENG-00354,CLI-0065,CON-0162,Strategy,2024-07-12,2025-06-04,297872.38,357440.95,-20.0,At Risk,15
ENG-00355,CLI-0005,CON-0142,Change Management,2024-09-09,2025-07-14,449113.25,471923.77,-5.08,At Risk,6
ENG-00356,CLI-0051,CON-0058,Strategy,2025-02-18,2026-01-15,371948.88,330718.14,11.09,Completed,9
ENG-00357,CLI-0066,CON-0024,Change Management,2024-10-14,2025-05-18,261040.29,295168.96,-13.07,Cancelled,11
ENG-00358,CLI-0022,CON-0194,Technology,2024-11-13,2025-02-22,234185.81,191199.69,18.36,Cancelled,11
ENG-00359,CLI-0019,CON-0189,Strategy,2025-01-08,2025-10-12,470804.12,341932.27,27.37,Completed,4
ENG-00360,CLI-0009,CON-0068,HR,2024-10-07,2025-03-05,40548.05,33833.42,16.56,Delayed,7
ENG-00361,CLI-0061,CON-0117,Data & Analytics,2025-02-15,2025-04-09,39154.26,43913.11,-12.15,On Track,12
ENG-00362,CLI-0067,CON-0163,HR,2025-02-02,2025-07-22,420738.69,366528.8,12.88,Cancelled,10
ENG-00363,CLI-0023,CON-0097,Change Management,2024-12-19,2025-07-30,195342.45,219695.55,-12.47,On Track,9
ENG-00364,CLI-0033,CON-0097,Change Management,2025-02-22,2025-07-16,267858.46,248943.29,7.06,Delayed,8
ENG-00365,CLI-0062,CON-0155,Strategy,2024-07-06,2025-04-18,443376.44,437139.98,1.41,At Risk,2
ENG-00366,CLI-0066,CON-0165,Technology,2024-09-14,2025-01-30,92115.4,73902.55,19.77,Cancelled,12
ENG-00367,CLI-0016,CON-0170,HR,2024-09-01,2025-05-01,409362.86,478203.85,-16.82,Completed,11
ENG-00368,CLI-0062,CON-0123,HR,2024-08-27,2025-07-25,97398.2,120938.1,-24.17,On Track,4
ENG-00369,CLI-0006,CON-0033,Data & Analytics,2024-11-28,2025-10-27,97341.99,107971.86,-10.92,On Track,15
ENG-00370,CLI-0074,CON-0038,Change Management,2024-07-19,2024-11-11,143964.63,117622.62,18.3,Completed,10
ENG-00371,CLI-0073,CON-0164,HR,2024-07-09,2024-12-31,474681.86,399105.73,15.92,Cancelled,8
ENG-00372,CLI-0062,CON-0044,Change Management,2024-08-30,2025-04-27,308402.58,375171.88,-21.65,At Risk,10
ENG-00373,CLI-0085,CON-0131,Technology,2024-09-10,2025-01-03,367609.66,339206.79,7.73,Completed,10
ENG-00374,CLI-0076,CON-0018,Technology,2024-09-01,2025-04-12,205021.7,157983.69,22.94,At Risk,9
ENG-00375,CLI-0065,CON-0176,Finance,2024-10-20,2025-02-03,310645.29,253276.69,18.47,Cancelled,10
ENG-00376,CLI-0005,CON-0137,Change Management,2024-11-10,2025-02-08,64731.18,73055.95,-12.86,Cancelled,9
ENG-00377,CLI-0001,CON-0199,HR,2024-12-25,2025-12-22,227118.48,221087.26,2.66,On Track,12
ENG-00378,CLI-0068,CON-0110,Finance,2024-09-01,2025-06-04,398986.68,378161.06,5.22,Cancelled,13
ENG-00379,CLI-0095,CON-0195,Change Management,2025-02-04,2025-12-25,66904.12,52655.15,21.3,Completed,13
ENG-00380,CLI-0030,CON-0022,Change Management,2024-09-15,2025-08-17,440847.83,425691.64,3.44,At Risk,1
ENG-00381,CLI-0091,CON-0191,Technology,2025-01-23,2025-02-25,297433.83,230983.72,22.34,On Track,7
ENG-00382,CLI-0084,CON-0053,Data & Analytics,2024-12-28,2025-07-07,216245.64,166353.25,23.07,Completed,11
ENG-00383,CLI-0075,CON-0065,Data & Analytics,2024-09-09,2025-07-10,223309.54,209390.36,6.23,Delayed,11
ENG-00384,CLI-0051,CON-0194,Technology,2024-08-26,2025-04-24,285010.38,302799.51,-6.24,At Risk,6
ENG-00385,CLI-0072,CON-0143,HR,2024-11-05,2025-04-13,494483.97,531804.28,-7.55,Completed,12
ENG-00386,CLI-0018,CON-0169,HR,2024-08-04,2024-12-29,234365.54,270587.31,-15.46,At Risk,2
ENG-00387,CLI-0028,CON-0131,Technology,2024-10-15,2025-05-06,404409.79,444493.47,-9.91,On Track,3
ENG-00388,CLI-0050,CON-0163,HR,2024-07-06,2024-09-20,415162.62,417896.31,-0.66,Cancelled,7
ENG-00389,CLI-0012,CON-0017,Technology,2024-09-10,2025-01-31,198000.86,216982.96,-9.59,Completed,15
ENG-00390,CLI-0052,CON-0158,Data & Analytics,2024-12-19,2025-10-11,157505.23,208898.3,-32.63,On Track,13
ENG-00391,CLI-0023,CON-0164,HR,2024-11-08,2025-07-20,25140.99,31498.37,-25.29,Cancelled,5
ENG-00392,CLI-0025,CON-0009,Change Management,2025-01-21,2025-12-23,265062.97,305880.63,-15.4,Cancelled,3
ENG-00393,CLI-0087,CON-0010,Operations,2024-10-05,2025-03-06,334409.18,446158.64,-33.42,On Track,5
ENG-00394,CLI-0100,CON-0103,Data & Analytics,2024-10-03,2025-05-23,214616.46,178174.96,16.98,On Track,12
ENG-00395,CLI-0091,CON-0018,Technology,2025-02-25,2025-05-12,283804.47,332616.05,-17.2,Cancelled,15
ENG-00396,CLI-0075,CON-0090,Strategy,2024-10-01,2025-03-21,128621.85,170550.92,-32.6,Completed,15
ENG-00397,CLI-0052,CON-0148,Finance,2024-07-06,2024-12-16,104016.7,107038.88,-2.91,Cancelled,2
ENG-00398,CLI-0065,CON-0076,Data & Analytics,2024-09-30,2024-12-28,405412.28,535898.71,-32.19,Cancelled,14
ENG-00399,CLI-0074,CON-0065,Data & Analytics,2024-12-29,2025-09-11,483706.62,515660.08,-6.61,At Risk,13
ENG-00400,CLI-0044,CON-0199,HR,2024-10-30,2025-07-22,450331.43,567559.52,-26.03,Completed,2
ENG-00401,CLI-0034,CON-0018,Technology,2024-10-10,2025-09-29,398554.89,336080.82,15.68,At Risk,13
ENG-00402,CLI-0041,CON-0106,Change Management,2024-10-03,2025-07-24,277112.92,320212.86,-15.55,Delayed,4
ENG-00403,CLI-0037,CON-0024,Change Management,2024-10-15,2025-05-08,56493.83,73747.47,-30.54,Completed,6
ENG-00404,CLI-0046,CON-0056,Finance,2025-02-18,2026-01-07,149156.38,196234.13,-31.56,At Risk,8
ENG-00405,CLI-0095,CON-0052,HR,2024-09-03,2025-02-03,438916.4,366234.53,16.56,At Risk,14
ENG-00406,CLI-0032,CON-0159,Operations,2024-10-04,2025-01-21,393890.47,306415.68,22.21,On Track,11
ENG-00407,CLI-0085,CON-0127,Strategy,2024-12-09,2025-01-11,386837.22,406936.54,-5.2,On Track,14
ENG-00408,CLI-0062,CON-0096,Finance,2024-12-10,2025-06-19,256323.38,343597.61,-34.05,Cancelled,14
ENG-00409,CLI-0036,CON-0126,HR,2024-08-20,2025-06-07,154527.98,130477.29,15.56,Cancelled,3
ENG-00410,CLI-0007,CON-0135,Finance,2025-01-25,2025-09-28,249593.64,262447.5,-5.15,Cancelled,6
ENG-00411,CLI-0051,CON-0176,Finance,2025-01-19,2025-05-18,239454.1,186352.6,22.18,Cancelled,8
ENG-00412,CLI-0041,CON-0177,Strategy,2024-07-07,2024-08-12,343569.47,325232.55,5.34,On Track,6
ENG-00413,CLI-0047,CON-0157,Data & Analytics,2025-02-10,2025-07-22,109833.17,95648.42,12.91,Delayed,8
ENG-00414,CLI-0079,CON-0088,Technology,2024-10-06,2025-02-07,259409.61,217085.92,16.32,Delayed,6
ENG-00415,CLI-0052,CON-0072,Operations,2024-10-28,2025-02-27,294276.66,393308.73,-33.65,At Risk,14
ENG-00416,CLI-0013,CON-0185,Data & Analytics,2024-09-12,2025-02-09,286563.22,360095.54,-25.66,At Risk,3
ENG-00417,CLI-0095,CON-0039,Strategy,2024-11-03,2024-12-07,104771.49,107363.39,-2.47,Cancelled,9
ENG-00418,CLI-0093,CON-0081,Change Management,2025-01-22,2025-10-28,164016.41,174741.44,-6.54,Cancelled,1
ENG-00419,CLI-0051,CON-0026,Strategy,2024-12-28,2025-04-20,48817.46,59995.77,-22.9,Completed,14
ENG-00420,CLI-0081,CON-0025,Operations,2024-10-28,2025-05-17,144689.18,135168.53,6.58,Cancelled,15
ENG-00421,CLI-0033,CON-0089,Finance,2024-07-10,2025-03-07,78193.99,98820.75,-26.38,Cancelled,4
ENG-00422,CLI-0074,CON-0148,Finance,2024-12-18,2025-12-15,278450.36,372174.67,-33.66,Delayed,6
ENG-00423,CLI-0042,CON-0173,Finance,2024-11-12,2025-08-18,391877.3,388156.26,0.95,On Track,7
ENG-00424,CLI-0079,CON-0074,Technology,2024-10-31,2025-10-19,479165.33,605841.06,-26.44,Delayed,7
ENG-00425,CLI-0081,CON-0157,Data & Analytics,2024-11-28,2025-07-23,427472.37,319054.11,25.36,At Risk,6
ENG-00426,CLI-0030,CON-0081,Change Management,2024-09-24,2025-09-23,159851.05,139686.97,12.61,Completed,5
ENG-00427,CLI-0057,CON-0200,HR,2025-02-10,2025-09-13,378989.84,393621.96,-3.86,Completed,7
ENG-00428,CLI-0022,CON-0048,Operations,2025-02-08,2025-03-21,80019.16,68216.95,14.75,Delayed,12
ENG-00429,CLI-0090,CON-0192,HR,2024-07-25,2024-12-09,100117.02,76785.35,23.3,On Track,15
ENG-00430,CLI-0061,CON-0141,Strategy,2024-07-18,2024-08-30,390048.18,405879.77,-4.06,On Track,2
ENG-00431,CLI-0034,CON-0159,Operations,2024-08-13,2024-10-25,334319.68,426443.59,-27.56,Delayed,4
ENG-00432,CLI-0032,CON-0189,Strategy,2024-09-15,2025-05-29,320710.73,251863.8,21.47,At Risk,1
ENG-00433,CLI-0005,CON-0170,HR,2024-10-04,2025-04-18,434835.75,436434.1,-0.37,Cancelled,15
ENG-00434,CLI-0035,CON-0141,Strategy,2024-10-26,2025-02-02,485380.29,559864.26,-15.35,At Risk,10
ENG-00435,CLI-0077,CON-0117,Data & Analytics,2024-12-13,2025-12-03,441100.98,433485.5,1.73,Cancelled,5
ENG-00436,CLI-0045,CON-0124,Strategy,2024-11-20,2025-04-15,406259.73,401063.34,1.28,Delayed,7
ENG-00437,CLI-0034,CON-0040,Finance,2024-09-20,2024-10-25,20044.33,24654.46,-23.0,At Risk,6
ENG-00438,CLI-0037,CON-0121,Strategy,2024-11-18,2024-12-22,350129.58,357046.59,-1.98,Completed,5
ENG-00439,CLI-0002,CON-0197,Finance,2024-10-23,2025-04-20,306561.8,373361.25,-21.79,Cancelled,6
ENG-00440,CLI-0025,CON-0106,Change Management,2025-02-15,2025-12-29,229811.06,198196.52,13.76,Completed,14
ENG-00441,CLI-0049,CON-0057,Operations,2024-09-10,2024-11-19,222674.9,190546.29,14.43,Cancelled,13
ENG-00442,CLI-0089,CON-0176,Finance,2024-09-12,2025-03-06,331259.38,346419.06,-4.58,Delayed,7
ENG-00443,CLI-0025,CON-0018,Technology,2024-08-20,2024-11-27,159005.74,177129.26,-11.4,Cancelled,8
ENG-00444,CLI-0035,CON-0180,Change Management,2024-12-11,2025-09-18,110138.93,78485.77,28.74,On Track,9
ENG-00445,CLI-0003,CON-0048,Operations,2024-07-31,2025-01-21,149213.66,173815.61,-16.49,On Track,4
ENG-00446,CLI-0012,CON-0039,Strategy,2024-07-08,2025-04-16,124250.28,120915.15,2.68,Completed,6
ENG-00447,CLI-0060,CON-0179,Strategy,2025-01-23,2025-03-10,178519.35,222846.61,-24.83,At Risk,1
ENG-00448,CLI-0035,CON-0199,HR,2024-10-13,2024-12-18,280732.14,229650.8,18.2,Delayed,14
ENG-00449,CLI-0049,CON-0004,Finance,2024-08-05,2025-01-09,204702.99,273018.92,-33.37,At Risk,12
ENG-00450,CLI-0005,CON-0051,Technology,2024-10-30,2025-01-16,270146.78,361557.78,-33.84,Completed,7
ENG-00451,CLI-0088,CON-0080,Data & Analytics,2025-03-01,2025-09-12,96133.49,112798.62,-17.34,Cancelled,9
ENG-00452,CLI-0016,CON-0065,Data & Analytics,2024-11-05,2025-10-27,163430.28,152689.21,6.57,On Track,14
ENG-00453,CLI-0086,CON-0056,Finance,2024-08-02,2024-12-30,323796.3,294956.98,8.91,At Risk,13
ENG-00454,CLI-0036,CON-0150,Change Management,2024-08-04,2025-03-24,398789.01,281467.04,29.42,On Track,10
ENG-00455,CLI-0089,CON-0122,Strategy,2024-12-28,2025-11-28,94396.13,113371.46,-20.1,At Risk,3
ENG-00456,CLI-0064,CON-0024,Change Management,2024-12-27,2025-12-08,182442.61,242698.59,-33.03,On Track,1
ENG-00457,CLI-0046,CON-0166,Change Management,2024-08-13,2025-06-13,399903.8,312639.93,21.82,At Risk,6
ENG-00458,CLI-0072,CON-0166,Change Management,2025-01-14,2025-08-09,406652.18,400620.42,1.48,At Risk,1
ENG-00459,CLI-0089,CON-0097,Change Management,2024-10-04,2025-01-10,140334.2,101835.98,27.43,Completed,9
ENG-00460,CLI-0038,CON-0139,Finance,2024-12-30,2025-10-06,111092.4,91241.01,17.87,Delayed,6
ENG-00461,CLI-0094,CON-0120,Strategy,2024-09-13,2025-08-15,458947.52,486685.48,-6.04,On Track,9
ENG-00462,CLI-0020,CON-0116,Technology,2024-09-18,2025-03-01,279970.86,278613.38,0.48,Cancelled,7
ENG-00463,CLI-0094,CON-0048,Operations,2025-02-16,2025-03-27,317472.61,297360.36,6.34,Cancelled,4
ENG-00464,CLI-0042,CON-0185,Data & Analytics,2024-07-21,2025-05-22,413143.87,340188.92,17.66,Completed,13
ENG-00465,CLI-0071,CON-0040,Finance,2024-12-08,2025-05-31,174848.02,195233.12,-11.66,On Track,2
ENG-00466,CLI-0067,CON-0169,HR,2024-07-22,2024-09-12,420892.81,330128.65,21.56,On Track,4
ENG-00467,CLI-0014,CON-0125,HR,2024-08-23,2024-11-11,35272.23,39403.97,-11.71,Completed,11
ENG-00468,CLI-0063,CON-0135,Finance,2024-12-11,2025-11-08,142850.49,134012.35,6.19,Cancelled,12
ENG-00469,CLI-0010,CON-0004,Finance,2025-02-28,2025-07-14,334759.69,436346.67,-30.35,On Track,8
ENG-00470,CLI-0082,CON-0016,Data & Analytics,2024-10-05,2025-08-16,376869.17,481932.72,-27.88,Delayed,13
ENG-00471,CLI-0091,CON-0015,Data & Analytics,2025-01-31,2026-01-11,147591.5,107214.09,27.36,On Track,14
ENG-00472,CLI-0039,CON-0020,Strategy,2024-08-29,2025-06-20,66617.24,78032.89,-17.14,Cancelled,7
ENG-00473,CLI-0025,CON-0050,Strategy,2024-11-16,2025-04-22,293613.28,386359.01,-31.59,Cancelled,12
ENG-00474,CLI-0072,CON-0107,Finance,2025-01-12,2025-04-06,387816.04,416811.64,-7.48,Completed,12
ENG-00475,CLI-0086,CON-0110,Finance,2025-02-16,2025-05-10,100068.47,81781.73,18.27,Completed,9
ENG-00476,CLI-0044,CON-0169,HR,2024-08-14,2025-06-13,499248.11,493236.12,1.2,Delayed,15
ENG-00477,CLI-0041,CON-0141,Strategy,2024-09-26,2025-05-04,217924.78,242246.61,-11.16,Delayed,10
ENG-00478,CLI-0031,CON-0145,Data & Analytics,2024-11-21,2025-04-09,200030.28,211563.06,-5.77,Delayed,6
ENG-00479,CLI-0058,CON-0115,Data & Analytics,2024-10-14,2024-11-13,368630.37,493567.2,-33.89,Cancelled,1
ENG-00480,CLI-0067,CON-0035,Change Management,2025-02-17,2025-08-20,23153.04,31021.75,-33.99,At Risk,14
ENG-00481,CLI-0041,CON-0006,Finance,2025-01-18,2025-07-08,461173.8,476081.92,-3.23,Cancelled,15
ENG-00482,CLI-0074,CON-0040,Finance,2024-07-29,2024-09-16,240977.51,193136.15,19.85,Delayed,6
ENG-00483,CLI-0075,CON-0064,Change Management,2024-09-02,2025-02-10,409315.63,310972.77,24.03,Completed,10
ENG-00484,CLI-0028,CON-0188,Strategy,2024-07-24,2025-02-05,400594.01,325437.21,18.76,Cancelled,14
ENG-00485,CLI-0013,CON-0153,Data & Analytics,2024-12-16,2025-06-17,37938.37,46490.5,-22.54,Completed,2
ENG-00486,CLI-0100,CON-0015,Data & Analytics,2025-02-25,2025-09-14,187006.5,230231.58,-23.11,Completed,15
ENG-00487,CLI-0016,CON-0198,Finance,2024-09-01,2025-08-31,427749.52,557624.78,-30.36,Completed,1
ENG-00488,CLI-0040,CON-0135,Finance,2024-07-15,2025-01-24,279166.27,222558.89,20.28,Cancelled,12
ENG-00489,CLI-0029,CON-0040,Finance,2024-07-17,2025-03-05,486099.32,578140.35,-18.93,Cancelled,9
ENG-00490,CLI-0012,CON-0057,Operations,2024-10-23,2025-04-19,397456.78,316458.29,20.38,Delayed,2
ENG-00491,CLI-0061,CON-0147,Technology,2025-01-11,2025-03-07,283113.15,246496.06,12.93,Completed,9
ENG-00492,CLI-0056,CON-0199,HR,2024-12-30,2025-04-05,385775.8,390636.43,-1.26,At Risk,8
ENG-00493,CLI-0051,CON-0167,Operations,2024-11-28,2025-04-07,289360.45,390087.17,-34.81,Cancelled,4
ENG-00494,CLI-0032,CON-0019,Finance,2024-09-11,2025-05-19,175237.59,227929.74,-30.07,On Track,2
ENG-00495,CLI-0086,CON-0106,Change Management,2024-10-21,2025-05-26,187187.77,170056.33,9.15,Cancelled,11
ENG-00496,CLI-0004,CON-0198,Finance,2024-09-21,2025-01-15,494072.92,543748.81,-10.05,Completed,10
ENG-00497,CLI-0019,CON-0113,Finance,2024-07-16,2024-12-12,115848.9,109243.6,5.7,On Track,2
ENG-00498,CLI-0095,CON-0014,HR,2024-09-05,2025-08-18,464830.25,587865.72,-26.47,Delayed,1
ENG-00499,CLI-0044,CON-0178,Change Management,2025-01-26,2025-04-22,166456.66,167500.96,-0.63,Delayed,4
ENG-00500,CLI-0095,CON-0138,Technology,2024-08-28,2025-01-09,282283.62,335276.96,-18.77,Cancelled,8
ENG-00501,CLI-0080,CON-0187,Data & Analytics,2024-08-10,2024-09-18,200771.2,258779.26,-28.89,Cancelled,1
ENG-00502,CLI-0033,CON-0044,Change Management,2024-07-20,2025-01-11,116334.11,134103.26,-15.27,Delayed,1
ENG-00503,CLI-0060,CON-0168,Operations,2024-07-07,2024-09-09,206549.67,181010.16,12.36,Delayed,14
ENG-00504,CLI-0014,CON-0005,Operations,2024-09-17,2025-09-14,205531.15,274767.47,-33.69,Cancelled,12
ENG-00505,CLI-0013,CON-0081,Change Management,2024-11-06,2025-10-07,275149.11,225944.55,17.88,Cancelled,8
ENG-00506,CLI-0072,CON-0183,Finance,2024-07-10,2024-08-29,138748.23,144869.8,-4.41,Delayed,8
ENG-00507,CLI-0051,CON-0191,Technology,2024-08-14,2024-09-22,186454.35,173168.27,7.13,Delayed,4
ENG-00508,CLI-0065,CON-0071,Strategy,2025-01-28,2025-03-30,320380.33,407248.33,-27.11,On Track,9
ENG-00509,CLI-0036,CON-0058,Strategy,2024-08-12,2025-03-04,450644.15,507878.5,-12.7,On Track,12
ENG-00510,CLI-0049,CON-0134,Operations,2024-12-25,2025-12-03,438896.71,503081.03,-14.62,Completed,4
ENG-00511,CLI-0074,CON-0040,Finance,2024-10-22,2025-04-29,456672.99,417415.13,8.6,Cancelled,3
ENG-00512,CLI-0027,CON-0168,Operations,2024-08-09,2025-07-02,279849.84,341435.92,-22.01,At Risk,5
ENG-00513,CLI-0089,CON-0181,HR,2025-02-20,2025-12-15,456590.1,447249.09,2.05,At Risk,11
ENG-00514,CLI-0073,CON-0041,Change Management,2024-09-24,2024-11-27,287523.34,378550.65,-31.66,On Track,3
ENG-00515,CLI-0041,CON-0038,Change Management,2025-01-07,2025-02-21,387408.81,492817.22,-27.21,Completed,7
ENG-00516,CLI-0039,CON-0114,Operations,2025-01-11,2026-01-02,467960.01,410853.68,12.2,At Risk,2
ENG-00517,CLI-0017,CON-0048,Operations,2024-07-11,2025-06-19,316134.32,345738.06,-9.36,Cancelled,4
ENG-00518,CLI-0077,CON-0060,Technology,2024-09-02,2024-10-15,192445.44,220791.08,-14.73,Completed,3
ENG-00519,CLI-0065,CON-0155,Strategy,2024-11-02,2025-10-30,199500.51,250150.52,-25.39,Completed,8
ENG-00520,CLI-0018,CON-0042,Finance,2024-08-23,2025-01-15,35470.19,42456.05,-19.7,On Track,15
ENG-00521,CLI-0035,CON-0106,Change Management,2024-08-30,2025-01-10,383732.76,285109.07,25.7,Completed,14
ENG-00522,CLI-0079,CON-0126,HR,2024-12-28,2025-07-12,436051.95,556808.47,-27.69,Completed,7
ENG-00523,CLI-0100,CON-0011,Technology,2024-12-07,2025-07-19,365696.44,349678.19,4.38,Cancelled,10
ENG-00524,CLI-0069,CON-0135,Finance,2024-12-16,2025-02-03,269911.56,268169.61,0.65,On Track,15
ENG-00525,CLI-0032,CON-0133,Change Management,2024-11-19,2025-07-09,492238.71,357125.86,27.45,Completed,9
ENG-00526,CLI-0098,CON-0162,Strategy,2024-07-17,2024-11-21,159766.09,153171.89,4.13,Delayed,13
ENG-00527,CLI-0037,CON-0119,Technology,2024-08-16,2025-04-19,161321.47,209293.85,-29.74,Cancelled,15
ENG-00528,CLI-0019,CON-0119,Technology,2025-02-02,2026-01-28,236815.08,277007.43,-16.97,On Track,3
ENG-00529,CLI-0100,CON-0150,Change Management,2025-03-02,2026-01-05,84947.2,82298.0,3.12,Completed,1
ENG-00530,CLI-0023,CON-0117,Data & Analytics,2024-12-03,2025-04-15,443623.25,336540.04,24.14,Delayed,12
ENG-00531,CLI-0084,CON-0183,Finance,2025-01-24,2025-05-17,364819.87,284670.31,21.97,On Track,12
ENG-00532,CLI-0058,CON-0163,HR,2024-10-05,2024-12-17,271432.31,257767.54,5.03,Cancelled,10
ENG-00533,CLI-0021,CON-0097,Change Management,2024-11-22,2025-07-04,41074.92,33314.85,18.89,Delayed,10
ENG-00534,CLI-0085,CON-0039,Strategy,2024-08-15,2024-11-27,105856.05,123092.68,-16.28,Completed,5
ENG-00535,CLI-0040,CON-0187,Data & Analytics,2025-01-17,2025-10-02,158614.66,129659.94,18.25,At Risk,4
ENG-00536,CLI-0001,CON-0160,Data & Analytics,2025-01-16,2025-06-24,25859.73,26466.35,-2.35,Completed,9
ENG-00537,CLI-0001,CON-0156,Finance,2025-02-15,2025-11-24,134181.61,145286.55,-8.28,Completed,8
ENG-00538,CLI-0053,CON-0114,Operations,2024-07-25,2025-06-27,308049.01,264633.68,14.09,Cancelled,5
ENG-00539,CLI-0080,CON-0161,Data & Analytics,2024-11-24,2025-04-09,43481.02,34626.83,20.36,Delayed,1
ENG-00540,CLI-0019,CON-0009,Change Management,2024-12-22,2025-11-12,422246.93,377483.27,10.6,On Track,1
ENG-00541,CLI-0014,CON-0107,Finance,2024-08-19,2024-12-09,342603.44,375907.35,-9.72,Cancelled,10
ENG-00542,CLI-0072,CON-0046,HR,2024-10-29,2025-09-20,192890.55,139516.97,27.67,Delayed,6
ENG-00543,CLI-0048,CON-0098,Operations,2025-01-30,2025-04-04,384052.15,479355.17,-24.82,On Track,5
ENG-00544,CLI-0061,CON-0035,Change Management,2024-08-05,2025-01-22,178020.09,172491.26,3.11,At Risk,12
ENG-00545,CLI-0027,CON-0157,Data & Analytics,2024-07-19,2024-10-12,294256.2,393296.21,-33.66,Cancelled,2
ENG-00546,CLI-0062,CON-0186,Operations,2024-12-28,2025-12-02,468268.0,627985.31,-34.11,Delayed,7
ENG-00547,CLI-0078,CON-0082,Data & Analytics,2024-09-09,2025-07-05,296068.49,327187.86,-10.51,At Risk,10
ENG-00548,CLI-0073,CON-0128,Technology,2024-11-15,2025-11-03,258915.73,317220.25,-22.52,Cancelled,4
ENG-00549,CLI-0091,CON-0075,Technology,2024-08-23,2024-09-22,76739.42,76906.38,-0.22,On Track,12
ENG-00550,CLI-0027,CON-0158,Data & Analytics,2024-10-19,2025-06-17,41836.25,38793.61,7.27,At Risk,1
ENG-00551,CLI-0082,CON-0052,HR,2024-12-28,2025-06-20,142120.41,105750.86,25.59,Delayed,9
ENG-00552,CLI-0071,CON-0083,Change Management,2025-01-17,2025-02-19,74641.65,68419.07,8.34,Completed,12
ENG-00553,CLI-0073,CON-0158,Data & Analytics,2024-07-12,2024-11-08,113127.48,140502.8,-24.2,Completed,15
ENG-00554,CLI-0061,CON-0010,Operations,2024-12-17,2025-03-26,251117.85,278158.3,-10.77,Cancelled,15
ENG-00555,CLI-0043,CON-0119,Technology,2025-01-21,2025-09-19,465339.19,342682.52,26.36,Cancelled,5
ENG-00556,CLI-0073,CON-0186,Operations,2024-12-25,2025-07-04,286485.06,204025.2,28.78,Cancelled,11
ENG-00557,CLI-0043,CON-0091,Finance,2024-07-21,2024-11-04,154620.81,111367.58,27.97,Completed,11
ENG-00558,CLI-0069,CON-0043,HR,2024-11-28,2025-11-03,206991.81,224974.16,-8.69,Delayed,12
ENG-00559,CLI-0041,CON-0182,Operations,2024-07-13,2024-12-29,218657.39,223705.18,-2.31,At Risk,6
ENG-00560,CLI-0058,CON-0078,Technology,2024-08-29,2025-06-23,165112.78,127623.98,22.7,On Track,13
ENG-00561,CLI-0026,CON-0024,Change Management,2024-10-26,2025-08-11,31968.69,32407.65,-1.37,Cancelled,3
ENG-00562,CLI-0025,CON-0088,Technology,2025-02-26,2025-11-30,371571.71,386567.67,-4.04,Delayed,3
ENG-00563,CLI-0099,CON-0026,Strategy,2025-01-31,2025-11-21,344824.3,271123.68,21.37,On Track,8
ENG-00564,CLI-0050,CON-0183,Finance,2025-02-11,2025-12-05,75601.27,68202.77,9.79,On Track,11
ENG-00565,CLI-0077,CON-0023,HR,2024-09-28,2025-06-24,446809.22,342710.2,23.3,Delayed,1
ENG-00566,CLI-0074,CON-0195,Change Management,2024-09-22,2025-09-14,448225.08,407244.87,9.14,At Risk,5
ENG-00567,CLI-0036,CON-0137,Change Management,2024-09-24,2025-06-06,342139.54,300133.44,12.28,At Risk,5
ENG-00568,CLI-0015,CON-0004,Finance,2024-12-11,2025-10-23,266749.12,222542.2,16.57,Delayed,9
ENG-00569,CLI-0041,CON-0070,Strategy,2024-08-10,2025-02-01,295559.81,239796.17,18.87,Delayed,10
ENG-00570,CLI-0044,CON-0139,Finance,2024-10-26,2024-12-20,82435.52,82928.33,-0.6,On Track,2
ENG-00571,CLI-0050,CON-0014,HR,2024-07-27,2025-04-01,208120.05,241011.43,-15.8,Cancelled,11
ENG-00572,CLI-0089,CON-0180,Change Management,2024-10-27,2025-10-07,190699.67,174683.92,8.4,At Risk,12
ENG-00573,CLI-0098,CON-0172,Data & Analytics,2025-01-28,2025-11-27,57701.89,75001.47,-29.98,Completed,10
ENG-00574,CLI-0017,CON-0024,Change Management,2025-01-29,2025-10-25,66686.24,60134.62,9.82,Completed,8
ENG-00575,CLI-0030,CON-0058,Strategy,2024-08-10,2025-07-21,143865.33,134692.78,6.38,At Risk,12
ENG-00576,CLI-0086,CON-0085,Finance,2025-01-22,2025-08-06,237575.87,170976.63,28.03,Completed,2
ENG-00577,CLI-0045,CON-0123,HR,2024-10-31,2025-02-25,155483.54,144071.05,7.34,Cancelled,3
ENG-00578,CLI-0066,CON-0027,Technology,2024-10-16,2025-01-08,176417.47,197965.7,-12.21,Delayed,9
ENG-00579,CLI-0060,CON-0103,Data & Analytics,2024-12-03,2025-08-01,134516.14,115468.55,14.16,At Risk,8
ENG-00580,CLI-0050,CON-0017,Technology,2024-09-30,2025-02-13,410679.54,445230.27,-8.41,Completed,10
ENG-00581,CLI-0044,CON-0140,Data & Analytics,2024-12-29,2025-05-28,103081.02,117022.05,-13.52,Cancelled,14
ENG-00582,CLI-0063,CON-0030,Technology,2024-12-03,2025-11-03,242196.05,256923.27,-6.08,Completed,3
ENG-00583,CLI-0040,CON-0104,Change Management,2024-07-22,2025-06-23,72197.42,88740.98,-22.91,Completed,6
ENG-00584,CLI-0064,CON-0166,Change Management,2024-12-21,2025-02-20,63455.84,78118.7,-23.11,Cancelled,15
ENG-00585,CLI-0097,CON-0163,HR,2025-01-28,2025-02-27,383397.3,433075.2,-12.96,Completed,9
ENG-00586,CLI-0038,CON-0100,Strategy,2024-12-09,2025-10-30,234636.69,195611.94,16.63,Delayed,5
ENG-00587,CLI-0073,CON-0174,Operations,2024-09-20,2025-05-30,364539.79,472015.83,-29.48,On Track,10
ENG-00588,CLI-0002,CON-0157,Data & Analytics,2024-11-12,2025-07-06,426865.64,535344.31,-25.41,On Track,6
ENG-00589,CLI-0071,CON-0014,HR,2024-07-05,2025-05-17,413961.58,386436.86,6.65,Delayed,14
ENG-00590,CLI-0004,CON-0061,Finance,2024-10-23,2025-09-20,209248.8,189743.2,9.32,Completed,7
ENG-00591,CLI-0049,CON-0112,Data & Analytics,2024-11-21,2025-04-08,337994.03,340923.23,-0.87,At Risk,9
ENG-00592,CLI-0050,CON-0093,Data & Analytics,2025-02-05,2025-10-06,94048.3,126809.69,-34.83,At Risk,3
ENG-00593,CLI-0002,CON-0019,Finance,2024-12-17,2025-01-24,89118.03,113641.32,-27.52,Completed,3
ENG-00594,CLI-0011,CON-0036,Data & Analytics,2024-12-16,2025-08-15,432873.33,554436.54,-28.08,Cancelled,15
ENG-00595,CLI-0055,CON-0160,Data & Analytics,2024-08-20,2025-05-09,264519.16,280081.49,-5.88,Completed,7
ENG-00596,CLI-0046,CON-0058,Strategy,2024-08-21,2025-04-25,310195.16,333664.53,-7.57,At Risk,12
ENG-00597,CLI-0065,CON-0069,HR,2024-10-18,2025-08-23,296649.13,214106.57,27.82,On Track,10
ENG-00598,CLI-0062,CON-0181,HR,2024-10-07,2025-01-02,298529.02,395589.62,-32.51,On Track,3
ENG-00599,CLI-0094,CON-0188,Strategy,2024-11-16,2025-05-08,243169.44,182584.38,24.91,Cancelled,2
ENG-00600,CLI-0032,CON-0121,Strategy,2024-12-13,2025-02-20,348355.53,365939.89,-5.05,Cancelled,5
ENG-00601,CLI-0079,CON-0014,HR,2025-02-21,2025-09-14,276815.97,195711.44,29.3,Completed,9
ENG-00602,CLI-0061,CON-0147,Technology,2025-01-08,2025-07-26,222087.73,294128.07,-32.44,Delayed,5
ENG-00603,CLI-0022,CON-0010,Operations,2024-12-29,2025-11-29,379724.13,445238.55,-17.25,Cancelled,5
ENG-00604,CLI-0008,CON-0162,Strategy,2024-11-03,2025-09-25,101158.04,74204.78,26.64,Delayed,13
ENG-00605,CLI-0095,CON-0160,Data & Analytics,2024-07-11,2025-01-03,252684.89,197709.22,21.76,On Track,14
ENG-00606,CLI-0036,CON-0065,Data & Analytics,2024-08-07,2025-07-18,154866.53,194761.38,-25.76,On Track,12
ENG-00607,CLI-0015,CON-0155,Strategy,2024-08-18,2025-07-16,374704.27,422835.47,-12.85,Delayed,13
ENG-00608,CLI-0023,CON-0067,Strategy,2025-01-21,2025-06-20,252760.89,308265.11,-21.96,On Track,6
ENG-00609,CLI-0011,CON-0038,Change Management,2024-12-04,2025-03-22,422054.83,501947.63,-18.93,Completed,13
ENG-00610,CLI-0050,CON-0061,Finance,2024-12-21,2025-09-02,368479.56,298001.99,19.13,Cancelled,12
ENG-00611,CLI-0045,CON-0014,HR,2024-12-16,2025-05-30,382632.29,296691.68,22.46,At Risk,8
ENG-00612,CLI-0052,CON-0122,Strategy,2024-09-20,2025-06-20,378152.26,449652.57,-18.91,Cancelled,4
ENG-00613,CLI-0049,CON-0175,Operations,2025-01-01,2025-08-18,247803.0,196841.67,20.57,Completed,1
ENG-00614,CLI-0037,CON-0115,Data & Analytics,2024-10-10,2025-04-19,481646.11,550940.34,-14.39,On Track,2
ENG-00615,CLI-0069,CON-0164,HR,2024-10-03,2025-06-11,313033.07,351799.98,-12.38,Delayed,6
ENG-00616,CLI-0035,CON-0069,HR,2025-01-26,2025-04-16,142565.08,153929.65,-7.97,Completed,13
ENG-00617,CLI-0087,CON-0192,HR,2024-09-04,2025-08-01,389838.7,404640.49,-3.8,At Risk,6
ENG-00618,CLI-0071,CON-0003,HR,2024-12-24,2025-01-27,419210.96,296707.0,29.22,On Track,9
ENG-00619,CLI-0014,CON-0176,Finance,2024-10-27,2025-05-24,125319.84,110800.67,11.59,At Risk,1
ENG-00620,CLI-0004,CON-0159,Operations,2024-07-28,2024-09-25,470482.62,530136.8,-12.68,At Risk,10
ENG-00621,CLI-0082,CON-0032,Strategy,2025-01-02,2025-04-03,61465.46,67184.56,-9.3,Completed,11
ENG-00622,CLI-0098,CON-0166,Change Management,2024-11-26,2025-03-30,450080.78,518571.76,-15.22,Delayed,5
ENG-00623,CLI-0060,CON-0170,HR,2025-03-01,2025-05-08,326614.64,424518.03,-29.98,Delayed,13
ENG-00624,CLI-0055,CON-0178,Change Management,2025-02-21,2025-09-04,143521.57,173298.76,-20.75,Delayed,13
ENG-00625,CLI-0008,CON-0098,Operations,2024-10-12,2025-04-30,498060.11,432244.0,13.21,Delayed,3
ENG-00626,CLI-0057,CON-0018,Technology,2024-11-07,2025-03-19,312944.9,255359.1,18.4,Completed,2
ENG-00627,CLI-0019,CON-0139,Finance,2025-01-17,2025-09-24,124825.52,139576.13,-11.82,Completed,12
ENG-00628,CLI-0034,CON-0027,Technology,2024-07-13,2024-09-18,53797.92,63099.81,-17.29,Completed,1
ENG-00629,CLI-0064,CON-0039,Strategy,2024-12-19,2025-12-11,20416.47,14793.63,27.54,Completed,5
ENG-00630,CLI-0020,CON-0180,Change Management,2024-09-27,2025-05-15,295827.32,306180.97,-3.5,Completed,8
ENG-00631,CLI-0056,CON-0104,Change Management,2025-02-06,2025-04-12,279261.78,196083.6,29.79,Completed,2
ENG-00632,CLI-0073,CON-0138,Technology,2025-03-01,2025-09-30,180051.06,161476.68,10.32,On Track,11
ENG-00633,CLI-0083,CON-0024,Change Management,2024-10-06,2025-08-05,429604.2,395683.0,7.9,Completed,13
ENG-00634,CLI-0099,CON-0075,Technology,2024-12-17,2025-04-29,104776.79,76022.4,27.44,Completed,11
ENG-00635,CLI-0025,CON-0077,Operations,2024-12-30,2025-08-16,450301.13,499789.71,-10.99,Delayed,8
ENG-00636,CLI-0011,CON-0162,Strategy,2024-10-25,2025-03-01,87172.62,71961.89,17.45,Cancelled,4
ENG-00637,CLI-0063,CON-0100,Strategy,2024-07-21,2025-05-23,328835.67,336989.05,-2.48,Completed,1
ENG-00638,CLI-0005,CON-0087,Operations,2024-07-19,2025-02-06,398133.7,289773.43,27.22,On Track,4
ENG-00639,CLI-0084,CON-0171,Technology,2024-11-15,2025-08-06,471243.1,596419.41,-26.56,Cancelled,3
ENG-00640,CLI-0095,CON-0149,HR,2024-09-02,2024-11-07,37701.28,29860.69,20.8,On Track,8
ENG-00641,CLI-0080,CON-0012,Data & Analytics,2024-09-05,2025-09-02,82658.11,67115.23,18.8,On Track,15
ENG-00642,CLI-0040,CON-0025,Operations,2024-10-29,2025-10-06,101930.91,110511.21,-8.42,On Track,2
ENG-00643,CLI-0064,CON-0153,Data & Analytics,2025-01-25,2026-01-05,125874.81,153931.65,-22.29,Completed,6
ENG-00644,CLI-0095,CON-0174,Operations,2024-10-15,2025-04-29,77985.17,89266.31,-14.47,Cancelled,3
ENG-00645,CLI-0042,CON-0055,Data & Analytics,2025-01-16,2025-03-10,304680.92,279720.67,8.19,On Track,5
ENG-00646,CLI-0019,CON-0194,Technology,2024-10-19,2025-02-12,354221.98,375374.35,-5.97,Completed,4
ENG-00647,CLI-0075,CON-0011,Technology,2024-08-08,2024-10-28,399705.1,444042.99,-11.09,Completed,13
ENG-00648,CLI-0021,CON-0005,Operations,2025-02-15,2025-11-21,58746.85,41398.65,29.53,On Track,12
ENG-00649,CLI-0084,CON-0152,HR,2025-02-17,2025-08-11,219786.68,269198.61,-22.48,Completed,12
ENG-00650,CLI-0017,CON-0053,Data & Analytics,2024-08-10,2025-08-02,150055.88,148971.34,0.72,At Risk,3
ENG-00651,CLI-0079,CON-0178,Change Management,2024-07-14,2025-06-14,106400.22,109052.45,-2.49,On Track,11
ENG-00652,CLI-0039,CON-0090,Strategy,2024-10-20,2024-11-21,287700.99,237277.61,17.53,Cancelled,2
ENG-00653,CLI-0080,CON-0093,Data & Analytics,2025-02-10,2025-12-13,263619.56,264078.36,-0.17,At Risk,5
ENG-00654,CLI-0007,CON-0050,Strategy,2024-08-02,2024-11-16,348917.0,463910.62,-32.96,Completed,8
ENG-00655,CLI-0023,CON-0041,Change Management,2024-12-23,2025-02-13,45933.25,43026.85,6.33,At Risk,7
ENG-00656,CLI-0033,CON-0086,HR,2024-12-09,2025-08-28,40792.39,48186.87,-18.13,Cancelled,3
ENG-00657,CLI-0021,CON-0008,Data & Analytics,2024-11-06,2025-08-26,75711.24,97046.78,-28.18,Completed,10
ENG-00658,CLI-0075,CON-0084,Data & Analytics,2024-10-20,2025-02-28,378601.64,486102.66,-28.39,At Risk,13
ENG-00659,CLI-0015,CON-0084,Data & Analytics,2024-09-01,2024-11-20,133816.81,129559.7,3.18,At Risk,7
ENG-00660,CLI-0029,CON-0019,Finance,2024-11-02,2025-09-27,252515.7,322921.56,-27.88,At Risk,4
ENG-00661,CLI-0079,CON-0117,Data & Analytics,2024-08-19,2025-04-04,199272.84,198780.86,0.25,At Risk,11
ENG-00662,CLI-0046,CON-0070,Strategy,2024-08-25,2025-03-14,81061.65,93215.78,-14.99,On Track,5
ENG-00663,CLI-0018,CON-0029,Finance,2025-02-08,2025-11-03,240117.88,194803.04,18.87,Delayed,4
ENG-00664,CLI-0038,CON-0155,Strategy,2024-08-14,2025-08-05,477324.87,615093.13,-28.86,Cancelled,9
ENG-00665,CLI-0030,CON-0023,HR,2024-10-18,2025-08-11,254822.43,343292.14,-34.72,Cancelled,8
ENG-00666,CLI-0060,CON-0072,Operations,2024-07-08,2025-03-14,373365.85,321216.06,13.97,Delayed,7
ENG-00667,CLI-0075,CON-0057,Operations,2025-02-18,2026-01-16,474201.13,613588.08,-29.39,On Track,7
ENG-00668,CLI-0006,CON-0011,Technology,2024-11-02,2025-08-17,36137.87,37772.35,-4.52,Completed,13
ENG-00669,CLI-0090,CON-0026,Strategy,2024-10-28,2025-08-07,135445.52,143980.83,-6.3,On Track,12
ENG-00670,CLI-0094,CON-0105,Data & Analytics,2024-08-29,2024-12-04,192034.73,164264.69,14.46,On Track,1
ENG-00671,CLI-0062,CON-0172,Data & Analytics,2024-09-21,2025-01-11,357586.15,449718.0,-25.76,Cancelled,1
ENG-00672,CLI-0059,CON-0119,Technology,2025-01-18,2025-04-28,439615.54,423562.65,3.65,Delayed,11
ENG-00673,CLI-0060,CON-0181,HR,2024-12-14,2025-01-13,432983.67,322985.94,25.4,Delayed,9
ENG-00674,CLI-0005,CON-0076,Data & Analytics,2024-10-22,2025-04-08,355066.39,389907.57,-9.81,Cancelled,13
ENG-00675,CLI-0027,CON-0176,Finance,2024-07-25,2025-07-07,442806.68,521734.54,-17.82,On Track,9
ENG-00676,CLI-0087,CON-0094,HR,2025-02-17,2025-04-14,73263.94,68694.77,6.24,Cancelled,1
ENG-00677,CLI-0047,CON-0094,HR,2024-08-18,2025-08-14,288219.42,214306.66,25.64,At Risk,3
ENG-00678,CLI-0043,CON-0062,Strategy,2024-11-20,2025-02-16,331538.43,390982.29,-17.93,Cancelled,14
ENG-00679,CLI-0090,CON-0054,Technology,2025-01-13,2025-06-07,173822.63,223128.54,-28.37,Cancelled,11
ENG-00680,CLI-0055,CON-0071,Strategy,2024-07-18,2024-09-18,198950.61,197770.22,0.59,Cancelled,9
ENG-00681,CLI-0016,CON-0121,Strategy,2025-01-02,2025-10-31,345587.98,361608.07,-4.64,Delayed,8
ENG-00682,CLI-0080,CON-0095,Finance,2025-01-25,2025-03-29,110409.72,140726.72,-27.46,On Track,2
ENG-00683,CLI-0051,CON-0046,HR,2024-09-16,2024-11-24,72495.16,63749.55,12.06,At Risk,8
ENG-00684,CLI-0020,CON-0053,Data & Analytics,2024-11-15,2025-11-01,30891.33,29987.72,2.93,Cancelled,15
ENG-00685,CLI-0017,CON-0122,Strategy,2024-10-01,2025-06-03,233052.82,260796.57,-11.9,Delayed,4
ENG-00686,CLI-0009,CON-0006,Finance,2025-02-13,2025-07-11,420774.81,436660.45,-3.78,Delayed,7
ENG-00687,CLI-0075,CON-0088,Technology,2024-12-19,2025-12-14,397675.69,404037.09,-1.6,Cancelled,14
ENG-00688,CLI-0071,CON-0114,Operations,2024-10-30,2025-05-03,292280.8,375254.42,-28.39,Delayed,3
ENG-00689,CLI-0034,CON-0059,Technology,2024-11-05,2025-06-13,485947.54,583300.97,-20.03,On Track,3
ENG-00690,CLI-0046,CON-0073,HR,2024-10-29,2025-02-21,316942.51,254984.5,19.55,Cancelled,5
ENG-00691,CLI-0024,CON-0045,Strategy,2025-02-04,2025-05-23,97402.26,75583.79,22.4,Delayed,10
ENG-00692,CLI-0017,CON-0113,Finance,2024-09-09,2025-04-16,108558.36,115681.6,-6.56,On Track,11
ENG-00693,CLI-0041,CON-0089,Finance,2024-08-11,2025-03-19,235245.97,313830.52,-33.41,Cancelled,5
ENG-00694,CLI-0016,CON-0007,HR,2024-10-16,2025-07-28,388888.72,511802.01,-31.61,Delayed,3
ENG-00695,CLI-0001,CON-0190,Change Management,2024-11-21,2025-09-06,179014.71,207396.31,-15.85,Completed,15
ENG-00696,CLI-0038,CON-0194,Technology,2024-11-28,2025-03-13,403796.56,473876.85,-17.36,Completed,6
ENG-00697,CLI-0089,CON-0029,Finance,2025-01-08,2025-10-10,452083.75,357428.78,20.94,Cancelled,2
ENG-00698,CLI-0040,CON-0007,HR,2024-10-15,2025-09-26,423620.92,419334.83,1.01,On Track,6
ENG-00699,CLI-0008,CON-0156,Finance,2024-12-16,2025-04-24,300047.09,253357.81,15.56,Delayed,4
ENG-00700,CLI-0003,CON-0022,Change Management,2024-11-19,2025-08-04,344990.43,456234.46,-32.25,Cancelled,7
ENG-00701,CLI-0025,CON-0126,HR,2024-09-24,2025-08-28,310437.35,407669.87,-31.32,Delayed,7
ENG-00702,CLI-0019,CON-0184,Operations,2025-02-08,2025-10-14,197422.38,186039.05,5.77,Delayed,6
ENG-00703,CLI-0045,CON-0079,HR,2024-10-27,2025-09-09,62047.34,72788.03,-17.31,Completed,12
ENG-00704,CLI-0054,CON-0114,Operations,2024-09-16,2025-01-07,406722.94,541240.22,-33.07,Completed,12
ENG-00705,CLI-0054,CON-0036,Data & Analytics,2025-02-03,2025-12-30,307009.14,243570.47,20.66,Delayed,8
ENG-00706,CLI-0068,CON-0086,HR,2024-07-21,2025-06-18,382934.75,290069.77,24.25,Completed,11
ENG-00707,CLI-0035,CON-0107,Finance,2024-08-18,2025-06-28,241817.58,258538.2,-6.91,At Risk,4
ENG-00708,CLI-0024,CON-0098,Operations,2024-09-17,2025-07-27,255481.1,315473.04,-23.48,Delayed,14
ENG-00709,CLI-0075,CON-0078,Technology,2024-11-08,2025-09-20,375130.89,317337.53,15.41,On Track,3
ENG-00710,CLI-0034,CON-0077,Operations,2024-12-15,2025-12-05,246819.76,277666.91,-12.5,Delayed,7
ENG-00711,CLI-0023,CON-0126,HR,2025-02-22,2026-02-17,137480.13,106901.87,22.24,Delayed,8
ENG-00712,CLI-0009,CON-0154,Data & Analytics,2025-01-11,2025-08-14,298911.57,319125.01,-6.76,Delayed,11
ENG-00713,CLI-0088,CON-0122,Strategy,2024-12-29,2025-03-30,199137.06,234269.26,-17.64,On Track,14
ENG-00714,CLI-0034,CON-0042,Finance,2024-11-30,2025-01-28,90145.82,90116.85,0.03,At Risk,6
ENG-00715,CLI-0021,CON-0014,HR,2024-09-12,2025-04-14,221366.72,286197.95,-29.29,Delayed,1
ENG-00716,CLI-0038,CON-0075,Technology,2024-11-17,2025-11-09,469432.17,485399.07,-3.4,At Risk,13
ENG-00717,CLI-0013,CON-0154,Data & Analytics,2025-01-13,2025-05-08,280981.92,356028.83,-26.71,Delayed,5
ENG-00718,CLI-0088,CON-0179,Strategy,2024-12-28,2025-07-31,66000.04,71084.04,-7.7,At Risk,1
ENG-00719,CLI-0018,CON-0133,Change Management,2024-09-15,2025-04-23,393827.77,381145.11,3.22,At Risk,2
ENG-00720,CLI-0028,CON-0040,Finance,2024-11-10,2025-04-02,419155.31,510036.3,-21.68,Cancelled,10
ENG-00721,CLI-0089,CON-0135,Finance,2025-02-06,2025-12-05,362022.62,418669.09,-15.65,On Track,7
ENG-00722,CLI-0059,CON-0020,Strategy,2024-08-03,2024-11-08,463236.68,468650.46,-1.17,Delayed,12
ENG-00723,CLI-0047,CON-0036,Data & Analytics,2025-01-30,2025-10-13,447068.66,486621.55,-8.85,Delayed,3
ENG-00724,CLI-0091,CON-0078,Technology,2024-07-12,2024-10-10,126731.77,159292.95,-25.69,At Risk,12
ENG-00725,CLI-0030,CON-0079,HR,2024-08-06,2024-12-21,82504.76,61968.77,24.89,On Track,2
ENG-00726,CLI-0003,CON-0199,HR,2024-11-05,2025-07-13,40408.13,31117.55,22.99,Cancelled,10
ENG-00727,CLI-0008,CON-0121,Strategy,2024-08-04,2025-01-10,40775.12,36537.35,10.39,On Track,13
ENG-00728,CLI-0013,CON-0032,Strategy,2025-02-25,2026-01-29,118592.57,152482.02,-28.58,At Risk,11
ENG-00729,CLI-0045,CON-0008,Data & Analytics,2024-07-28,2024-11-09,426013.53,559014.63,-31.22,Cancelled,6
ENG-00730,CLI-0046,CON-0042,Finance,2025-02-08,2025-11-21,394785.03,433640.44,-9.84,Cancelled,10
ENG-00731,CLI-0009,CON-0026,Strategy,2025-01-30,2025-12-22,386357.14,403258.4,-4.37,At Risk,5
ENG-00732,CLI-0022,CON-0194,Technology,2024-11-19,2024-12-21,487318.35,372382.23,23.59,At Risk,15
ENG-00733,CLI-0065,CON-0182,Operations,2024-11-03,2025-06-08,355103.8,291302.92,17.97,On Track,3
ENG-00734,CLI-0046,CON-0098,Operations,2024-10-21,2025-03-09,266840.48,257481.23,3.51,Delayed,2
ENG-00735,CLI-0060,CON-0029,Finance,2024-11-15,2025-02-22,257991.69,241173.93,6.52,Delayed,9
ENG-00736,CLI-0093,CON-0011,Technology,2024-07-26,2025-02-08,256982.14,244160.72,4.99,Completed,10
ENG-00737,CLI-0095,CON-0080,Data & Analytics,2024-12-27,2025-09-10,128419.25,123890.35,3.53,Completed,4
ENG-00738,CLI-0009,CON-0122,Strategy,2025-03-02,2025-10-06,106062.7,143096.63,-34.92,Completed,11
ENG-00739,CLI-0014,CON-0102,Strategy,2024-10-25,2025-08-18,336103.17,253843.21,24.47,At Risk,7
ENG-00740,CLI-0052,CON-0178,Change Management,2024-12-03,2025-02-23,375887.44,481165.23,-28.01,At Risk,2
ENG-00741,CLI-0047,CON-0051,Technology,2024-09-29,2025-02-08,305581.2,410679.7,-34.39,On Track,4
ENG-00742,CLI-0055,CON-0186,Operations,2024-11-09,2025-04-30,387112.17,463714.66,-19.79,Cancelled,5
ENG-00743,CLI-0097,CON-0165,Technology,2024-10-15,2025-05-15,248396.62,271263.4,-9.21,Completed,8
ENG-00744,CLI-0066,CON-0072,Operations,2024-08-11,2025-04-30,71857.6,62009.4,13.71,Completed,4
ENG-00745,CLI-0081,CON-0035,Change Management,2024-07-12,2024-09-30,374143.21,463826.5,-23.97,Completed,11
ENG-00746,CLI-0004,CON-0046,HR,2024-10-10,2025-09-14,346018.09,276564.93,20.07,Cancelled,10
ENG-00747,CLI-0013,CON-0195,Change Management,2024-07-24,2025-05-16,388434.61,472055.03,-21.53,At Risk,5
ENG-00748,CLI-0085,CON-0128,Technology,2024-11-07,2025-08-22,145599.33,134439.17,7.66,Cancelled,9
ENG-00749,CLI-0003,CON-0196,HR,2024-07-13,2025-03-20,442460.32,343985.1,22.26,Completed,6
ENG-00750,CLI-0049,CON-0114,Operations,2024-10-30,2024-12-17,35772.7,37984.64,-6.18,Delayed,15
ENG-00751,CLI-0091,CON-0043,HR,2024-11-07,2025-07-15,84554.36,98524.44,-16.52,Completed,13
ENG-00752,CLI-0015,CON-0146,Finance,2024-12-24,2025-10-01,336837.72,385845.32,-14.55,Cancelled,8
ENG-00753,CLI-0061,CON-0144,HR,2025-02-08,2025-05-29,263208.82,251206.53,4.56,Completed,10
ENG-00754,CLI-0049,CON-0158,Data & Analytics,2024-12-25,2025-07-23,387905.97,343251.94,11.51,On Track,1
ENG-00755,CLI-0076,CON-0012,Data & Analytics,2024-08-06,2025-03-11,187460.86,221641.94,-18.23,On Track,13
ENG-00756,CLI-0081,CON-0088,Technology,2024-10-10,2024-12-28,225511.13,303259.38,-34.48,Completed,6
ENG-00757,CLI-0008,CON-0170,HR,2024-09-05,2025-02-08,132618.6,119736.65,9.71,On Track,15
ENG-00758,CLI-0089,CON-0017,Technology,2025-02-12,2025-08-17,74946.22,60733.16,18.96,Cancelled,6
ENG-00759,CLI-0005,CON-0118,Change Management,2024-12-20,2025-08-23,292663.71,376341.06,-28.59,Delayed,1
ENG-00760,CLI-0090,CON-0121,Strategy,2024-12-02,2025-01-12,493167.1,466304.01,5.45,Completed,6
ENG-00761,CLI-0074,CON-0026,Strategy,2025-01-27,2025-11-03,68027.21,77470.91,-13.88,Delayed,8
ENG-00762,CLI-0065,CON-0196,HR,2024-12-22,2025-07-13,99981.06,89451.91,10.53,Completed,4
ENG-00763,CLI-0064,CON-0163,HR,2025-02-06,2025-04-15,423382.63,443828.67,-4.83,Delayed,5
ENG-00764,CLI-0007,CON-0077,Operations,2024-11-28,2025-07-21,406209.45,449256.27,-10.6,On Track,12
ENG-00765,CLI-0075,CON-0025,Operations,2024-12-03,2025-06-23,151215.17,161524.78,-6.82,Cancelled,8
ENG-00766,CLI-0055,CON-0054,Technology,2024-10-01,2024-12-09,332737.67,298199.69,10.38,Delayed,7
ENG-00767,CLI-0085,CON-0139,Finance,2024-09-23,2025-02-02,218870.84,188956.04,13.67,Cancelled,8
ENG-00768,CLI-0086,CON-0196,HR,2024-11-22,2025-03-24,442830.35,490699.67,-10.81,Cancelled,14
ENG-00769,CLI-0024,CON-0148,Finance,2024-11-09,2025-03-28,337186.98,416608.07,-23.55,Completed,5
ENG-00770,CLI-0082,CON-0137,Change Management,2025-01-28,2026-01-07,429331.83,553599.05,-28.94,Cancelled,12
ENG-00771,CLI-0081,CON-0016,Data & Analytics,2024-11-15,2025-03-27,194851.84,155108.57,20.4,At Risk,12
ENG-00772,CLI-0088,CON-0196,HR,2024-09-19,2025-05-29,216924.93,273134.71,-25.91,On Track,11
ENG-00773,CLI-0027,CON-0106,Change Management,2024-09-11,2025-03-06,330100.47,286094.88,13.33,Cancelled,4
ENG-00774,CLI-0052,CON-0062,Strategy,2024-08-03,2024-11-17,112119.69,96381.59,14.04,Delayed,8
ENG-00775,CLI-0063,CON-0144,HR,2024-10-24,2025-06-27,330522.58,239315.68,27.59,At Risk,5
ENG-00776,CLI-0018,CON-0008,Data & Analytics,2024-09-09,2025-02-28,336161.94,273767.05,18.56,On Track,12
ENG-00777,CLI-0063,CON-0006,Finance,2024-07-19,2024-09-29,170674.29,152529.3,10.63,On Track,15
ENG-00778,CLI-0053,CON-0094,HR,2024-12-23,2025-03-09,210509.62,262269.05,-24.59,At Risk,4
ENG-00779,CLI-0015,CON-0147,Technology,2025-01-09,2025-10-22,467809.01,486181.0,-3.93,Cancelled,13
ENG-00780,CLI-0068,CON-0065,Data & Analytics,2024-11-09,2025-01-24,134276.89,104666.14,22.05,Delayed,6
ENG-00781,CLI-0075,CON-0189,Strategy,2024-10-12,2025-03-11,469040.05,394793.57,15.83,On Track,3
ENG-00782,CLI-0028,CON-0071,Strategy,2024-10-25,2025-06-21,142066.84,153881.49,-8.32,Completed,9
ENG-00783,CLI-0048,CON-0180,Change Management,2024-08-02,2025-02-10,281957.62,284398.01,-0.87,At Risk,5
ENG-00784,CLI-0019,CON-0093,Data & Analytics,2024-11-03,2025-06-09,414255.38,295653.33,28.63,Cancelled,1
ENG-00785,CLI-0095,CON-0170,HR,2025-01-25,2025-03-23,351527.58,426305.15,-21.27,At Risk,5
ENG-00786,CLI-0071,CON-0099,Technology,2024-09-22,2025-09-14,480072.13,449278.29,6.41,On Track,9
ENG-00787,CLI-0031,CON-0114,Operations,2024-10-12,2024-11-15,456698.77,436345.59,4.46,Delayed,5
ENG-00788,CLI-0012,CON-0194,Technology,2024-09-03,2025-03-04,120985.52,154699.39,-27.87,Completed,11
ENG-00789,CLI-0041,CON-0197,Finance,2024-12-16,2025-08-11,398872.35,350259.28,12.19,On Track,14
ENG-00790,CLI-0100,CON-0126,HR,2024-11-02,2025-07-01,464718.67,425807.52,8.37,Completed,15
ENG-00791,CLI-0013,CON-0042,Finance,2024-12-30,2025-06-11,263040.57,244287.52,7.13,Cancelled,12
ENG-00792,CLI-0071,CON-0189,Strategy,2024-09-26,2025-06-15,353700.85,422772.98,-19.53,At Risk,11
ENG-00793,CLI-0057,CON-0165,Technology,2024-08-08,2024-09-08,212317.69,235331.35,-10.84,Delayed,10
ENG-00794,CLI-0011,CON-0029,Finance,2024-08-14,2025-01-18,267855.63,356323.52,-33.03,At Risk,14
ENG-00795,CLI-0077,CON-0176,Finance,2024-10-18,2025-04-29,236715.15,300102.45,-26.78,At Risk,5
ENG-00796,CLI-0023,CON-0176,Finance,2024-12-03,2025-06-18,403773.76,334781.51,17.09,Completed,6
ENG-00797,CLI-0024,CON-0101,HR,2025-02-14,2025-09-25,473483.43,603607.06,-27.48,At Risk,1
ENG-00798,CLI-0003,CON-0143,HR,2024-12-17,2025-11-25,320781.13,413630.94,-28.94,Completed,4
ENG-00799,CLI-0034,CON-0180,Change Management,2025-02-08,2025-06-04,43895.82,48360.14,-10.17,Cancelled,5
ENG-00800,CLI-0020,CON-0023,HR,2024-10-07,2025-02-01,474676.88,368481.14,22.37,Cancelled,7
ENG-00801,CLI-0099,CON-0117,Data & Analytics,2025-02-01,2025-11-11,76885.93,89481.11,-16.38,At Risk,14
ENG-00802,CLI-0035,CON-0074,Technology,2025-01-12,2025-10-22,203395.29,199398.69,1.96,At Risk,10
ENG-00803,CLI-0028,CON-0073,HR,2025-01-07,2025-05-13,220798.88,213190.3,3.45,At Risk,1
ENG-00804,CLI-0038,CON-0068,HR,2024-09-03,2025-08-15,236468.81,203695.81,13.86,Cancelled,11
ENG-00805,CLI-0083,CON-0118,Change Management,2024-07-26,2024-08-30,245063.17,310357.37,-26.64,Completed,11
ENG-00806,CLI-0028,CON-0183,Finance,2024-10-11,2025-06-14,373329.97,323507.83,13.35,On Track,9
ENG-00807,CLI-0008,CON-0014,HR,2024-09-28,2025-02-25,246047.56,228897.08,6.97,Cancelled,11
ENG-00808,CLI-0077,CON-0182,Operations,2025-01-12,2025-03-06,22573.27,23204.24,-2.8,Completed,5
ENG-00809,CLI-0051,CON-0172,Data & Analytics,2024-10-07,2025-01-12,484667.75,515547.99,-6.37,Cancelled,3
ENG-00810,CLI-0034,CON-0044,Change Management,2024-11-10,2025-08-19,466556.93,592822.58,-27.06,At Risk,2
ENG-00811,CLI-0041,CON-0182,Operations,2024-11-17,2025-07-26,88061.95,68331.44,22.41,On Track,3
ENG-00812,CLI-0064,CON-0072,Operations,2025-01-12,2025-08-14,464593.78,410655.18,11.61,Delayed,10
ENG-00813,CLI-0098,CON-0068,HR,2024-11-14,2025-05-23,229172.18,184996.83,19.28,Completed,13
ENG-00814,CLI-0020,CON-0143,HR,2025-02-08,2026-01-29,403145.69,296148.58,26.54,At Risk,1
ENG-00815,CLI-0030,CON-0047,HR,2024-07-14,2025-04-10,144907.5,167929.8,-15.89,Completed,2
ENG-00816,CLI-0064,CON-0011,Technology,2024-10-26,2025-05-26,494632.92,526564.16,-6.46,Completed,8
ENG-00817,CLI-0015,CON-0185,Data & Analytics,2025-02-11,2025-05-27,79354.03,60374.58,23.92,Delayed,3
ENG-00818,CLI-0022,CON-0192,HR,2024-11-12,2025-04-30,290358.75,328407.21,-13.1,At Risk,10
ENG-00819,CLI-0001,CON-0135,Finance,2025-01-17,2025-12-05,106673.05,138490.27,-29.83,At Risk,13
ENG-00820,CLI-0064,CON-0174,Operations,2024-07-29,2025-02-12,32461.84,37099.11,-14.29,On Track,7
ENG-00821,CLI-0048,CON-0152,HR,2025-02-27,2025-05-22,421749.06,337379.87,20.0,On Track,8
ENG-00822,CLI-0091,CON-0169,HR,2024-11-04,2025-07-24,321611.23,281428.15,12.49,On Track,6
ENG-00823,CLI-0006,CON-0168,Operations,2024-12-11,2025-08-29,175959.42,206841.07,-17.55,Cancelled,3
ENG-00824,CLI-0028,CON-0013,Strategy,2025-01-26,2026-01-20,155817.92,189910.18,-21.88,On Track,9
ENG-00825,CLI-0078,CON-0098,Operations,2024-07-28,2025-03-19,142478.67,121969.16,14.39,Completed,2
ENG-00826,CLI-0003,CON-0054,Technology,2024-08-15,2025-03-31,394156.42,348910.55,11.48,At Risk,2
ENG-00827,CLI-0039,CON-0126,HR,2025-01-26,2025-10-04,373226.86,484860.83,-29.91,Cancelled,3
ENG-00828,CLI-0046,CON-0171,Technology,2024-07-29,2025-03-04,266073.55,270930.72,-1.83,Completed,8
ENG-00829,CLI-0035,CON-0145,Data & Analytics,2024-12-05,2025-08-08,63306.73,61701.82,2.54,Delayed,10
ENG-00830,CLI-0024,CON-0112,Data & Analytics,2024-12-13,2025-08-18,64614.78,66790.49,-3.37,Completed,11
ENG-00831,CLI-0029,CON-0166,Change Management,2024-12-27,2025-04-15,466720.45,486663.96,-4.27,Cancelled,2
ENG-00832,CLI-0038,CON-0120,Strategy,2024-10-24,2025-01-02,455459.7,460218.06,-1.04,At Risk,3
ENG-00833,CLI-0088,CON-0077,Operations,2025-02-05,2025-07-12,271084.19,241824.19,10.79,On Track,9
ENG-00834,CLI-0010,CON-0012,Data & Analytics,2024-11-13,2025-02-06,265112.76,256751.8,3.15,Completed,11
ENG-00835,CLI-0093,CON-0146,Finance,2025-01-29,2025-07-07,190619.67,205987.26,-8.06,Cancelled,1
ENG-00836,CLI-0015,CON-0190,Change Management,2024-12-21,2025-09-13,106185.05,86905.59,18.16,Completed,1
ENG-00837,CLI-0011,CON-0107,Finance,2025-02-14,2025-08-15,170694.25,199825.19,-17.07,Completed,10
ENG-00838,CLI-0034,CON-0088,Technology,2025-02-25,2025-06-30,121312.82,91086.92,24.92,Cancelled,5
ENG-00839,CLI-0087,CON-0028,Finance,2024-10-24,2025-08-23,28599.31,27361.16,4.33,On Track,3
ENG-00840,CLI-0084,CON-0123,HR,2024-10-30,2025-06-24,437014.65,580256.02,-32.78,Cancelled,12
ENG-00841,CLI-0063,CON-0078,Technology,2024-12-10,2025-11-20,193149.82,219799.1,-13.8,Completed,13
ENG-00842,CLI-0039,CON-0023,HR,2024-08-06,2024-11-13,26660.44,20601.67,22.73,On Track,12
ENG-00843,CLI-0025,CON-0007,HR,2024-08-27,2025-05-30,331339.15,371872.16,-12.23,Completed,14
ENG-00844,CLI-0081,CON-0138,Technology,2024-08-22,2024-11-04,164440.58,164642.28,-0.12,Completed,7
ENG-00845,CLI-0003,CON-0030,Technology,2024-08-16,2024-12-02,374614.97,370652.62,1.06,Completed,8
ENG-00846,CLI-0003,CON-0116,Technology,2024-12-01,2025-05-04,116642.44,124822.55,-7.01,Completed,1
ENG-00847,CLI-0043,CON-0003,HR,2024-07-31,2025-07-18,426862.17,418607.58,1.93,Completed,14
ENG-00848,CLI-0064,CON-0189,Strategy,2024-11-30,2025-10-31,370917.7,500504.16,-34.94,On Track,8
ENG-00849,CLI-0052,CON-0125,HR,2024-11-13,2025-10-11,367814.81,481076.99,-30.79,Completed,4
ENG-00850,CLI-0092,CON-0016,Data & Analytics,2024-11-17,2024-12-26,222562.18,201486.12,9.47,On Track,5
ENG-00851,CLI-0083,CON-0107,Finance,2025-02-17,2025-11-16,76131.56,84106.56,-10.48,Delayed,8
ENG-00852,CLI-0090,CON-0112,Data & Analytics,2024-07-10,2024-10-30,158245.18,130541.33,17.51,Delayed,8
ENG-00853,CLI-0030,CON-0130,Finance,2024-08-30,2025-07-26,456353.67,420050.48,7.96,Cancelled,14
ENG-00854,CLI-0092,CON-0169,HR,2024-11-01,2025-02-06,443923.23,519366.54,-16.99,Completed,7
ENG-00855,CLI-0087,CON-0168,Operations,2025-01-09,2025-08-11,402066.88,490457.58,-21.98,At Risk,10
ENG-00856,CLI-0027,CON-0073,HR,2024-12-28,2025-03-12,340187.1,266677.01,21.61,At Risk,3
ENG-00857,CLI-0078,CON-0126,HR,2024-07-30,2025-03-29,472666.26,482555.05,-2.09,At Risk,4
ENG-00858,CLI-0072,CON-0013,Strategy,2024-07-09,2025-02-07,442834.93,412756.93,6.79,At Risk,3
ENG-00859,CLI-0065,CON-0009,Change Management,2025-01-27,2025-03-30,182112.68,140969.79,22.59,At Risk,2
ENG-00860,CLI-0072,CON-0058,Strategy,2024-11-06,2025-04-17,496958.15,601406.71,-21.02,On Track,13
ENG-00861,CLI-0072,CON-0069,HR,2025-02-19,2025-06-06,429635.91,544736.31,-26.79,Cancelled,11
ENG-00862,CLI-0014,CON-0181,HR,2024-07-17,2025-03-28,403513.7,534946.43,-32.57,On Track,2
ENG-00863,CLI-0079,CON-0157,Data & Analytics,2025-01-21,2025-04-13,415332.91,302063.37,27.27,On Track,3
ENG-00864,CLI-0081,CON-0031,Strategy,2025-02-12,2025-06-27,457273.17,366765.62,19.79,Delayed,12
ENG-00865,CLI-0057,CON-0196,HR,2024-11-11,2025-08-23,371624.91,284122.58,23.55,Delayed,6
ENG-00866,CLI-0018,CON-0032,Strategy,2025-02-07,2025-06-20,230772.06,223903.68,2.98,On Track,4
ENG-00867,CLI-0061,CON-0088,Technology,2024-09-16,2025-07-01,102205.66,89216.36,12.71,Completed,6
ENG-00868,CLI-0081,CON-0171,Technology,2024-09-05,2024-12-21,381539.0,398430.75,-4.43,At Risk,3
ENG-00869,CLI-0055,CON-0106,Change Management,2025-02-25,2025-10-22,451071.32,594826.1,-31.87,Cancelled,13
ENG-00870,CLI-0088,CON-0093,Data & Analytics,2024-07-12,2025-03-25,89880.47,63497.56,29.35,Cancelled,2
ENG-00871,CLI-0011,CON-0087,Operations,2024-09-23,2025-05-16,491333.56,396413.34,19.32,On Track,7
ENG-00872,CLI-0098,CON-0010,Operations,2024-12-21,2025-12-14,92457.01,99249.11,-7.35,Cancelled,5
ENG-00873,CLI-0054,CON-0103,Data & Analytics,2025-02-16,2025-12-26,439302.25,513547.92,-16.9,Delayed,15
ENG-00874,CLI-0045,CON-0003,HR,2025-02-01,2025-07-24,452100.09,495845.61,-9.68,At Risk,12
ENG-00875,CLI-0052,CON-0115,Data & Analytics,2024-12-16,2025-04-30,446038.28,493244.2,-10.58,Cancelled,11
ENG-00876,CLI-0057,CON-0179,Strategy,2024-10-01,2025-09-28,214162.74,177378.63,17.18,Delayed,2
ENG-00877,CLI-0005,CON-0138,Technology,2024-09-28,2025-05-15,368047.37,434676.44,-18.1,At Risk,9
ENG-00878,CLI-0070,CON-0073,HR,2024-08-28,2024-11-13,265602.37,239829.4,9.7,Delayed,13
ENG-00879,CLI-0082,CON-0041,Change Management,2024-07-10,2024-08-23,447353.28,470148.71,-5.1,Delayed,4
ENG-00880,CLI-0100,CON-0078,Technology,2025-01-06,2025-09-09,493738.26,381060.89,22.82,On Track,14
ENG-00881,CLI-0048,CON-0067,Strategy,2024-12-12,2025-09-27,190147.21,139002.62,26.9,On Track,8
ENG-00882,CLI-0039,CON-0147,Technology,2025-01-09,2025-02-10,237510.64,318007.24,-33.89,Cancelled,10
ENG-00883,CLI-0092,CON-0161,Data & Analytics,2024-12-22,2025-10-21,425357.97,362402.71,14.8,Delayed,5
ENG-00884,CLI-0086,CON-0184,Operations,2024-11-28,2025-03-09,362888.47,376599.6,-3.78,At Risk,2
ENG-00885,CLI-0042,CON-0133,Change Management,2024-12-01,2025-04-08,414964.51,387918.74,6.52,On Track,3
ENG-00886,CLI-0092,CON-0109,Finance,2025-02-02,2025-09-30,59334.64,43932.9,25.96,At Risk,8
ENG-00887,CLI-0028,CON-0115,Data & Analytics,2024-07-24,2025-02-28,344874.77,331697.07,3.82,Cancelled,9
ENG-00888,CLI-0100,CON-0102,Strategy,2025-02-13,2025-07-28,300465.81,334628.7,-11.37,Completed,12
ENG-00889,CLI-0063,CON-0188,Strategy,2024-10-19,2025-02-09,89286.17,69878.09,21.74,Completed,3
ENG-00890,CLI-0091,CON-0132,Change Management,2025-02-10,2025-12-07,76667.92,64264.4,16.18,Completed,1
ENG-00891,CLI-0096,CON-0041,Change Management,2024-11-25,2025-07-02,462414.73,359387.77,22.28,Completed,2
ENG-00892,CLI-0016,CON-0095,Finance,2024-11-28,2025-05-25,39335.43,31454.5,20.04,Delayed,5
ENG-00893,CLI-0048,CON-0078,Technology,2024-09-18,2025-06-23,33429.34,26504.96,20.71,Cancelled,7
ENG-00894,CLI-0007,CON-0079,HR,2025-02-17,2025-08-11,123479.1,152179.51,-23.24,Completed,1
ENG-00895,CLI-0016,CON-0141,Strategy,2024-10-02,2024-12-05,437804.74,425293.97,2.86,Cancelled,5
ENG-00896,CLI-0073,CON-0116,Technology,2025-02-20,2025-09-10,395047.69,398562.79,-0.89,Cancelled,3
ENG-00897,CLI-0098,CON-0036,Data & Analytics,2024-11-11,2025-11-01,241249.36,239428.92,0.75,Completed,3
ENG-00898,CLI-0094,CON-0084,Data & Analytics,2024-07-27,2025-07-11,338961.11,327524.02,3.37,At Risk,15
ENG-00899,CLI-0051,CON-0087,Operations,2024-11-20,2025-01-12,479878.16,613537.69,-27.85,Delayed,11
ENG-00900,CLI-0012,CON-0043,HR,2025-01-02,2025-02-13,294557.5,358624.7,-21.75,Delayed,9
ENG-00901,CLI-0083,CON-0032,Strategy,2024-12-16,2025-10-28,60872.98,80404.65,-32.09,Cancelled,10
ENG-00902,CLI-0097,CON-0014,HR,2024-11-27,2025-09-20,110910.02,111940.73,-0.93,On Track,2
ENG-00903,CLI-0085,CON-0137,Change Management,2024-08-20,2024-09-28,151982.01,126718.53,16.62,Cancelled,8
ENG-00904,CLI-0011,CON-0137,Change Management,2024-12-07,2025-06-19,212862.98,155228.07,27.08,On Track,6
ENG-00905,CLI-0056,CON-0047,HR,2024-10-19,2024-11-30,432631.24,392093.08,9.37,Delayed,2
ENG-00906,CLI-0015,CON-0026,Strategy,2024-11-20,2025-03-16,156968.83,128515.84,18.13,On Track,3
ENG-00907,CLI-0040,CON-0105,Data & Analytics,2024-12-25,2025-04-20,48278.59,63956.1,-32.47,At Risk,1
ENG-00908,CLI-0092,CON-0015,Data & Analytics,2024-09-19,2025-05-06,67397.22,53418.99,20.74,Delayed,5
ENG-00909,CLI-0049,CON-0031,Strategy,2024-07-18,2024-11-28,135019.02,146907.85,-8.81,At Risk,8
ENG-00910,CLI-0066,CON-0193,Operations,2024-11-11,2025-06-26,475691.39,416247.52,12.5,Delayed,8
ENG-00911,CLI-0071,CON-0105,Data & Analytics,2024-07-21,2025-04-24,33875.09,37662.39,-11.18,On Track,5
ENG-00912,CLI-0071,CON-0151,HR,2024-12-24,2025-03-15,138231.73,146603.02,-6.06,At Risk,5
ENG-00913,CLI-0073,CON-0105,Data & Analytics,2024-10-27,2025-01-07,426213.37,436988.49,-2.53,At Risk,6
ENG-00914,CLI-0070,CON-0044,Change Management,2025-01-21,2025-06-25,278017.1,271188.75,2.46,Cancelled,8
ENG-00915,CLI-0006,CON-0001,Strategy,2025-01-29,2025-10-23,481334.93,531140.8,-10.35,At Risk,1
ENG-00916,CLI-0008,CON-0124,Strategy,2024-09-12,2025-08-14,140426.7,160367.09,-14.2,Delayed,14
ENG-00917,CLI-0081,CON-0055,Data & Analytics,2024-12-01,2025-09-18,155029.42,124786.37,19.51,Cancelled,10
ENG-00918,CLI-0009,CON-0077,Operations,2024-07-27,2025-03-16,355246.07,440442.52,-23.98,Cancelled,5
ENG-00919,CLI-0056,CON-0054,Technology,2024-12-08,2025-09-22,479560.24,434912.01,9.31,Delayed,11
ENG-00920,CLI-0034,CON-0193,Operations,2025-01-02,2025-09-20,151046.31,170754.84,-13.05,Delayed,6
ENG-00921,CLI-0027,CON-0118,Change Management,2024-12-05,2025-06-21,27619.82,31754.49,-14.97,On Track,10
ENG-00922,CLI-0061,CON-0002,HR,2025-02-20,2025-03-26,342899.07,332116.94,3.14,Completed,13
ENG-00923,CLI-0051,CON-0138,Technology,2024-07-25,2025-07-22,332607.91,349278.9,-5.01,Completed,11
ENG-00924,CLI-0016,CON-0091,Finance,2025-01-29,2025-09-08,417184.08,389098.3,6.73,At Risk,14
ENG-00925,CLI-0099,CON-0179,Strategy,2024-07-07,2024-10-08,242092.42,316792.72,-30.86,Completed,1
ENG-00926,CLI-0029,CON-0191,Technology,2024-07-10,2024-12-30,346666.09,402471.9,-16.1,At Risk,2
ENG-00927,CLI-0079,CON-0161,Data & Analytics,2024-09-20,2025-02-10,132443.81,135221.9,-2.1,Delayed,1
ENG-00928,CLI-0036,CON-0127,Strategy,2025-02-21,2026-01-27,120361.43,99593.84,17.25,Completed,2
ENG-00929,CLI-0036,CON-0146,Finance,2024-11-10,2025-08-19,101829.01,84105.74,17.4,Cancelled,11
ENG-00930,CLI-0088,CON-0155,Strategy,2024-11-26,2025-03-25,51373.1,40243.64,21.66,On Track,3
ENG-00931,CLI-0034,CON-0146,Finance,2025-02-09,2025-07-05,442881.48,519847.31,-17.38,Delayed,4
ENG-00932,CLI-0087,CON-0006,Finance,2024-12-29,2025-10-27,314939.14,359799.77,-14.24,Completed,1
ENG-00933,CLI-0055,CON-0165,Technology,2024-12-24,2025-12-21,44894.14,58820.01,-31.02,Completed,14
ENG-00934,CLI-0053,CON-0071,Strategy,2024-08-05,2025-05-27,243961.63,228093.56,6.5,On Track,15
ENG-00935,CLI-0093,CON-0058,Strategy,2024-07-17,2025-01-05,460827.92,482056.73,-4.61,Delayed,1
ENG-00936,CLI-0051,CON-0050,Strategy,2024-09-28,2024-12-08,442447.26,541992.32,-22.5,At Risk,12
ENG-00937,CLI-0055,CON-0020,Strategy,2025-02-24,2025-07-31,114500.87,104653.34,8.6,On Track,11
ENG-00938,CLI-0081,CON-0025,Operations,2024-07-12,2025-04-13,227335.49,162684.75,28.44,Delayed,14
ENG-00939,CLI-0033,CON-0064,Change Management,2024-08-01,2025-04-30,134412.42,123863.91,7.85,On Track,14
ENG-00940,CLI-0043,CON-0134,Operations,2025-01-24,2025-06-24,472902.84,569487.17,-20.42,Cancelled,8
ENG-00941,CLI-0098,CON-0025,Operations,2024-12-12,2025-08-27,297888.55,225083.86,24.44,On Track,15
ENG-00942,CLI-0005,CON-0097,Change Management,2024-09-23,2024-11-25,395670.2,292915.22,25.97,Completed,1
ENG-00943,CLI-0039,CON-0157,Data & Analytics,2024-12-12,2025-08-20,51579.32,58821.93,-14.04,Cancelled,1
ENG-00944,CLI-0038,CON-0098,Operations,2024-10-15,2025-01-02,316304.95,305936.54,3.28,Cancelled,13
ENG-00945,CLI-0085,CON-0160,Data & Analytics,2024-07-07,2025-03-26,204281.61,248581.52,-21.69,Cancelled,10
ENG-00946,CLI-0013,CON-0087,Operations,2024-12-18,2025-01-30,237956.85,217332.15,8.67,At Risk,2
ENG-00947,CLI-0014,CON-0004,Finance,2024-12-04,2025-02-06,304585.52,379667.88,-24.65,Cancelled,3
ENG-00948,CLI-0082,CON-0131,Technology,2024-09-08,2025-04-07,222083.36,260060.72,-17.1,Completed,3
ENG-00949,CLI-0032,CON-0036,Data & Analytics,2025-01-25,2025-03-18,49035.77,44258.87,9.74,Completed,9
ENG-00950,CLI-0084,CON-0194,Technology,2024-10-04,2025-04-11,300159.64,315690.92,-5.17,At Risk,3
ENG-00951,CLI-0061,CON-0080,Data & Analytics,2024-12-06,2025-06-29,159710.69,212523.21,-33.07,Cancelled,10
ENG-00952,CLI-0085,CON-0174,Operations,2024-08-11,2024-10-09,133945.93,165084.27,-23.25,Cancelled,14
ENG-00953,CLI-0007,CON-0109,Finance,2024-10-01,2025-02-08,488725.17,545593.53,-11.64,At Risk,13
ENG-00954,CLI-0009,CON-0088,Technology,2024-08-22,2025-05-22,353495.16,473064.94,-33.83,Cancelled,12
ENG-00955,CLI-0043,CON-0149,HR,2024-11-26,2025-06-15,315729.51,306937.05,2.78,At Risk,2
ENG-00956,CLI-0059,CON-0011,Technology,2024-11-08,2025-03-30,461577.72,514750.82,-11.52,At Risk,8
ENG-00957,CLI-0080,CON-0055,Data & Analytics,2024-09-04,2025-06-07,372601.37,491529.15,-31.92,Delayed,13
ENG-00958,CLI-0095,CON-0097,Change Management,2024-08-26,2025-04-17,108437.37,145677.01,-34.34,Delayed,1
ENG-00959,CLI-0010,CON-0092,Technology,2024-07-12,2025-05-22,75290.86,66924.13,11.11,At Risk,11
ENG-00960,CLI-0075,CON-0196,HR,2024-10-05,2024-11-26,488148.45,404884.9,17.06,Delayed,3
ENG-00961,CLI-0029,CON-0068,HR,2025-01-05,2025-05-04,183112.4,194177.56,-6.04,At Risk,4
ENG-00962,CLI-0003,CON-0046,HR,2025-02-05,2025-07-19,457111.5,326215.77,28.64,At Risk,7
ENG-00963,CLI-0084,CON-0029,Finance,2024-09-29,2025-02-13,166434.74,142484.36,14.39,Delayed,11
ENG-00964,CLI-0022,CON-0135,Finance,2025-01-25,2026-01-09,443198.62,563284.21,-27.1,On Track,2
ENG-00965,CLI-0019,CON-0034,Technology,2025-01-24,2025-05-31,112007.02,105939.27,5.42,Delayed,6
ENG-00966,CLI-0077,CON-0110,Finance,2024-12-14,2025-05-18,462086.53,552657.13,-19.6,Cancelled,4
ENG-00967,CLI-0069,CON-0076,Data & Analytics,2025-01-23,2025-05-09,177286.69,130238.05,26.54,Delayed,14
ENG-00968,CLI-0017,CON-0131,Technology,2024-12-01,2025-09-07,120434.04,90676.6,24.71,Completed,13
ENG-00969,CLI-0085,CON-0158,Data & Analytics,2024-07-21,2024-11-13,264134.63,313884.45,-18.84,Cancelled,6
ENG-00970,CLI-0064,CON-0133,Change Management,2024-10-31,2025-03-01,174475.1,164533.71,5.7,Completed,12
ENG-00971,CLI-0064,CON-0122,Strategy,2024-09-11,2025-08-04,212454.11,275929.11,-29.88,Cancelled,11
ENG-00972,CLI-0005,CON-0054,Technology,2024-08-30,2025-01-10,236998.43,202005.61,14.77,At Risk,5
ENG-00973,CLI-0055,CON-0097,Change Management,2024-11-28,2025-03-18,469039.48,442383.86,5.68,Cancelled,2
ENG-00974,CLI-0018,CON-0193,Operations,2024-07-26,2025-01-23,233362.55,216682.66,7.15,Cancelled,1
ENG-00975,CLI-0060,CON-0132,Change Management,2024-12-11,2025-07-01,224529.12,225406.61,-0.39,Completed,6
ENG-00976,CLI-0064,CON-0082,Data & Analytics,2024-09-12,2025-04-25,31864.73,31453.6,1.29,Delayed,11
ENG-00977,CLI-0010,CON-0092,Technology,2025-02-20,2025-05-03,161368.55,165587.89,-2.61,Cancelled,11
ENG-00978,CLI-0011,CON-0071,Strategy,2025-02-27,2025-07-23,67236.37,50183.66,25.36,On Track,9
ENG-00979,CLI-0026,CON-0086,HR,2024-08-24,2025-03-10,140011.35,165827.68,-18.44,Delayed,4
ENG-00980,CLI-0091,CON-0155,Strategy,2024-08-09,2025-06-13,457943.61,323100.75,29.45,Delayed,5
ENG-00981,CLI-0045,CON-0104,Change Management,2024-10-16,2025-09-07,383746.92,271588.81,29.23,Cancelled,13
ENG-00982,CLI-0020,CON-0102,Strategy,2024-09-01,2025-01-25,367201.23,307134.0,16.36,At Risk,9
ENG-00983,CLI-0076,CON-0142,Change Management,2025-01-14,2025-10-10,366804.97,366772.23,0.01,On Track,6
ENG-00984,CLI-0025,CON-0110,Finance,2025-01-18,2025-09-18,120600.68,119693.97,0.75,Cancelled,1
ENG-00985,CLI-0048,CON-0036,Data & Analytics,2024-11-29,2025-03-04,166674.53,196604.82,-17.96,Completed,13
ENG-00986,CLI-0085,CON-0091,Finance,2024-09-29,2025-02-21,221190.71,253428.33,-14.57,Completed,13
ENG-00987,CLI-0100,CON-0177,Strategy,2024-11-19,2025-05-21,176518.17,126229.18,28.49,On Track,15
ENG-00988,CLI-0018,CON-0040,Finance,2024-09-27,2025-08-13,322322.87,351961.04,-9.2,Cancelled,10
ENG-00989,CLI-0051,CON-0098,Operations,2024-08-26,2025-04-13,50580.44,48111.2,4.88,Completed,2
ENG-00990,CLI-0043,CON-0146,Finance,2024-10-28,2025-10-20,449477.02,341875.36,23.94,On Track,11
ENG-00991,CLI-0071,CON-0046,HR,2024-07-13,2025-06-16,254534.39,209061.79,17.87,On Track,15
ENG-00992,CLI-0050,CON-0073,HR,2024-08-26,2025-01-22,159730.65,166256.8,-4.09,Completed,1
ENG-00993,CLI-0048,CON-0133,Change Management,2024-07-07,2024-11-01,176850.59,228380.98,-29.14,Completed,3
ENG-00994,CLI-0015,CON-0034,Technology,2024-11-19,2025-07-21,249560.55,185846.73,25.53,At Risk,3
ENG-00995,CLI-0027,CON-0080,Data & Analytics,2024-10-23,2025-07-23,96215.0,103316.57,-7.38,Delayed,10
ENG-00996,CLI-0026,CON-0129,Finance,2025-01-04,2025-09-25,152211.67,107284.59,29.52,At Risk,8
ENG-00997,CLI-0009,CON-0103,Data & Analytics,2024-12-06,2025-05-11,272411.12,351872.53,-29.17,Completed,8
ENG-00998,CLI-0060,CON-0148,Finance,2024-07-15,2024-09-29,158197.66,201329.64,-27.26,Completed,6
ENG-00999,CLI-0090,CON-0183,Finance,2025-01-23,2025-07-24,207723.38,256585.99,-23.52,At Risk,7
ENG-01000,CLI-0032,CON-0046,HR,2025-02-20,2026-02-01,371957.1,371060.05,0.24,At Risk,12
